propagator_variant,config_n,config_p,instance,avg_depth_at_failure,circuit_conflict_rate,circuit_pruning_rate
V0,150,15,pumpkin-v0/random/n150_p015/instance_n150_p0.150_0017.fzn,140.21294206170052,0.003867104298334439,0.12312464355133443
V0,150,15,pumpkin-v0/random/n150_p015/instance_n150_p0.150_0018.fzn,139.73186119873816,0.00443649307118682,0.09075683959348475
V0,150,15,pumpkin-v0/random/n150_p015/instance_n150_p0.150_0003.fzn,139.5506329113924,0.005424469413233458,0.08739388264669164
V0,150,15,pumpkin-v0/random/n150_p015/instance_n150_p0.150_0005.fzn,140.92102184087364,0.006730294726010857,0.10593651893617245
V0,150,15,pumpkin-v0/random/n150_p015/instance_n150_p0.150_0014.fzn,140.909169550173,0.003565194327763488,0.09546763876809583
V0,150,15,pumpkin-v0/random/n150_p015/instance_n150_p0.150_0011.fzn,139.7449567723343,0.004836371745553883,0.12994555016632287
V0,150,15,pumpkin-v0/random/n150_p015/instance_n150_p0.150_0001.fzn,143.6404348693397,0.00691127973794214,0.09305273693846713
V0,150,15,pumpkin-v0/random/n150_p015/instance_n150_p0.150_0019.fzn,140.73862622658342,0.004068714453191636,0.11899447221042622
V0,150,15,pumpkin-v0/random/n150_p015/instance_n150_p0.150_0006.fzn,142.4162432388133,0.00919256548817706,0.09487734080069189
V0,150,15,pumpkin-v0/random/n150_p015/instance_n150_p0.150_0016.fzn,146.224853990915,0.007886124565968891,0.08839777591840599
V0,150,15,pumpkin-v0/random/n150_p015/instance_n150_p0.150_0002.fzn,123.89102564102564,0.0018444785357678085,0.10509093811242451
V0,150,15,pumpkin-v0/random/n150_p015/instance_n150_p0.150_0000.fzn,140.76923076923077,0.0028602431206652566,0.10969432401754149
V0,150,15,pumpkin-v0/random/n150_p015/instance_n150_p0.150_0004.fzn,131.84094488188975,0.006339666343859509,0.15101634336032269
V0,150,15,pumpkin-v0/random/n150_p015/instance_n150_p0.150_0010.fzn,136.96852871754524,0.0030068464308188746,0.10100496330748376
V0,150,15,pumpkin-v0/random/n150_p015/instance_n150_p0.150_0008.fzn,140.9070093298247,0.005926794637305122,0.10222439625121783
V0,150,15,pumpkin-v0/random/n150_p015/instance_n150_p0.150_0013.fzn,137.79027902790278,0.005232199454645637,0.11308332430688663
V0,150,15,pumpkin-v0/random/n150_p015/instance_n150_p0.150_0015.fzn,139.169678147939,0.004031097034264325,0.09731423323230932
V0,50,15,pumpkin-v0/random/n50_p015/instance_n50_p0.150_0015.fzn,48.5010101010101,0.05225929054054054,0.12204391891891891
V0,150,15,pumpkin-v0/random/n150_p015/instance_n150_p0.150_0007.fzn,142.4312817118906,0.009389292105786439,0.10665846424073706
V0,150,15,pumpkin-v0/random/n150_p015/instance_n150_p0.150_0012.fzn,138.61441441441443,0.006185409439078095,0.14391226748990193
V0,150,15,pumpkin-v0/random/n150_p015/instance_n150_p0.150_0009.fzn,146.63168923275308,0.009104463593885745,0.05869326586677311
V0,50,15,pumpkin-v0/random/n50_p015/instance_n50_p0.150_0011.fzn,,0.0,0.028735632183908046
V0,50,15,pumpkin-v0/random/n50_p015/instance_n50_p0.150_0009.fzn,37.45493107104984,0.0054185125809472915,0.10660621836088557
V0,50,15,pumpkin-v0/random/n50_p015/instance_n50_p0.150_0003.fzn,49.01269841269841,0.0599543205177008,0.05786067757898744
V0,50,15,pumpkin-v0/random/n50_p015/instance_n50_p0.150_0018.fzn,,,
V0,50,15,pumpkin-v0/random/n50_p015/instance_n50_p0.150_0019.fzn,40.03942232630757,0.003361957651406196,0.10702100633024345
V0,50,15,pumpkin-v0/random/n50_p015/instance_n50_p0.150_0014.fzn,38.952374340460985,0.009553371270908778,0.19432395505856448
V0,50,15,pumpkin-v0/random/n50_p015/instance_n50_p0.150_0006.fzn,45.0,0.012195121951219513,0.17479674796747968
V0,50,15,pumpkin-v0/random/n50_p015/instance_n50_p0.150_0004.fzn,39.04171585989768,0.004213825526728191,0.12634179912605822
V0,50,15,pumpkin-v0/random/n50_p015/instance_n50_p0.150_0017.fzn,42.0,0.005555555555555556,0.10416666666666667
V0,50,15,pumpkin-v0/random/n50_p015/instance_n50_p0.150_0008.fzn,38.18217205138186,0.0028769260230221273,0.08750491339545582
V0,50,15,pumpkin-v0/random/n50_p015/instance_n50_p0.150_0012.fzn,41.69093918080265,0.008834128904451056,0.12805039997855736
V0,50,15,pumpkin-v0/random/n50_p015/instance_n50_p0.150_0016.fzn,35.95340136054422,0.0033898344169657753,0.09225307535232947
V0,50,15,pumpkin-v0/random/n50_p015/instance_n50_p0.150_0000.fzn,40.429024898323576,0.0075995323132777345,0.11897289844398426
V0,50,15,pumpkin-v0/random/n50_p015/instance_n50_p0.150_0002.fzn,35.91111111111111,0.002846801688967735,0.0876128457383446
V0,50,15,pumpkin-v0/random/n50_p015/instance_n50_p0.150_0013.fzn,38.643315772143566,0.00675494582364409,0.1365563344020694
V0,50,15,pumpkin-v0/random/n50_p015/instance_n50_p0.150_0001.fzn,36.7449467107681,0.0031474986581777127,0.06229988340027021
V0,50,15,pumpkin-v0/random/n50_p015/instance_n50_p0.150_0010.fzn,36.606488011283496,0.005673543203751421,0.10425235664100635
V0,50,15,pumpkin-v0/random/n50_p015/instance_n50_p0.150_0007.fzn,37.6845786963434,0.0035584370032189995,0.08650113428715285
V0,150,5,pumpkin-v0/random/n150_p005/instance_n150_p0.050_0017.fzn,130.14627011214043,0.005502908411856876,0.1527694305522763
V0,150,5,pumpkin-v0/random/n150_p005/instance_n150_p0.050_0015.fzn,134.1931612470667,0.0037004875265162322,0.09270992792546923
V0,150,5,pumpkin-v0/random/n150_p005/instance_n150_p0.050_0004.fzn,,,
V0,150,5,pumpkin-v0/random/n150_p005/instance_n150_p0.050_0000.fzn,,,
V0,50,15,pumpkin-v0/random/n50_p015/instance_n50_p0.150_0005.fzn,36.62478245736164,0.003703780098853414,0.09986670001314951
V0,150,5,pumpkin-v0/random/n150_p005/instance_n150_p0.050_0006.fzn,118.76629570747218,0.0023175184498785972,0.07360423859018242
V0,150,5,pumpkin-v0/random/n150_p005/instance_n150_p0.050_0003.fzn,,,
V0,150,5,pumpkin-v0/random/n150_p005/instance_n150_p0.050_0001.fzn,,,
V0,150,5,pumpkin-v0/random/n150_p005/instance_n150_p0.050_0005.fzn,115.1526717557252,0.00033680768024352996,0.028158150488756795
V0,150,5,pumpkin-v0/random/n150_p005/instance_n150_p0.050_0002.fzn,,,
V0,150,5,pumpkin-v0/random/n150_p005/instance_n150_p0.050_0013.fzn,,,
V0,150,5,pumpkin-v0/random/n150_p005/instance_n150_p0.050_0007.fzn,144.24,0.03369272237196765,0.02336028751123091
V0,150,5,pumpkin-v0/random/n150_p005/instance_n150_p0.050_0016.fzn,,,
V0,150,5,pumpkin-v0/random/n150_p005/instance_n150_p0.050_0008.fzn,129.0531914893617,0.0016447023088820923,0.09005270046121652
V0,150,5,pumpkin-v0/random/n150_p005/instance_n150_p0.050_0018.fzn,124.326458456099,0.0052305027385395894,0.13151770881171732
V0,150,5,pumpkin-v0/random/n150_p005/instance_n150_p0.050_0012.fzn,125.86301369863014,0.0011732260179744655,0.08767051956233848
V0,150,5,pumpkin-v0/random/n150_p005/instance_n150_p0.050_0014.fzn,121.65591397849462,0.002894183365707039,0.06423997863076081
V0,150,5,pumpkin-v0/random/n150_p005/instance_n150_p0.050_0009.fzn,116.3174386920981,0.002476600511515855,0.05571001504855352
V0,150,5,pumpkin-v0/random/n150_p005/instance_n150_p0.050_0019.fzn,129.64599483204134,0.002668634238508323,0.08167261995062682
V0,150,5,pumpkin-v0/random/n150_p005/instance_n150_p0.050_0011.fzn,,,
V0,150,5,pumpkin-v0/random/n150_p005/instance_n150_p0.050_0010.fzn,,,
V0,20,5,pumpkin-v0/random/n20_p005/instance_n20_p0.050_0013.fzn,,,
V0,20,5,pumpkin-v0/random/n20_p005/instance_n20_p0.050_0002.fzn,,,
V0,20,5,pumpkin-v0/random/n20_p005/instance_n20_p0.050_0000.fzn,,,
V0,20,5,pumpkin-v0/random/n20_p005/instance_n20_p0.050_0018.fzn,,,
V0,20,5,pumpkin-v0/random/n20_p005/instance_n20_p0.050_0019.fzn,74.68773234200744,0.0020473295921577383,0.05875353906416488
V0,20,5,pumpkin-v0/random/n20_p005/instance_n20_p0.050_0015.fzn,,,
V0,20,5,pumpkin-v0/random/n20_p005/instance_n20_p0.050_0008.fzn,,,
V0,20,5,pumpkin-v0/random/n20_p005/instance_n20_p0.050_0016.fzn,,,
V0,20,5,pumpkin-v0/random/n20_p005/instance_n20_p0.050_0010.fzn,,,
V0,20,5,pumpkin-v0/random/n20_p005/instance_n20_p0.050_0004.fzn,,,
V0,20,5,pumpkin-v0/random/n20_p005/instance_n20_p0.050_0017.fzn,,,
V0,20,5,pumpkin-v0/random/n20_p005/instance_n20_p0.050_0001.fzn,,,
V0,20,5,pumpkin-v0/random/n20_p005/instance_n20_p0.050_0014.fzn,,,
V0,20,5,pumpkin-v0/random/n20_p005/instance_n20_p0.050_0009.fzn,,,
V0,20,5,pumpkin-v0/random/n20_p005/instance_n20_p0.050_0003.fzn,,,
V0,20,5,pumpkin-v0/random/n20_p005/instance_n20_p0.050_0011.fzn,,,
V0,20,5,pumpkin-v0/random/n20_p005/instance_n20_p0.050_0005.fzn,,,
V0,20,5,pumpkin-v0/random/n20_p005/instance_n20_p0.050_0006.fzn,,,
V0,20,5,pumpkin-v0/random/n20_p005/instance_n20_p0.050_0007.fzn,,,
V0,20,5,pumpkin-v0/random/n20_p005/instance_n20_p0.050_0012.fzn,,,
V0,100,5,pumpkin-v0/random/n100_p005/instance_n100_p0.050_0017.fzn,83.60728744939271,0.004567401532740235,0.09552505598816544
V0,100,5,pumpkin-v0/random/n100_p005/instance_n100_p0.050_0007.fzn,,,
V0,100,5,pumpkin-v0/random/n100_p005/instance_n100_p0.050_0012.fzn,,,
V0,100,5,pumpkin-v0/random/n100_p005/instance_n100_p0.050_0018.fzn,,,
V0,100,5,pumpkin-v0/random/n100_p005/instance_n100_p0.050_0006.fzn,78.82926829268293,0.0025708165916740657,0.08910826523804508
V0,100,5,pumpkin-v0/random/n100_p005/instance_n100_p0.050_0011.fzn,70.35956493921945,0.003286637704442323,0.11717504762785926
V0,100,5,pumpkin-v0/random/n100_p005/instance_n100_p0.050_0005.fzn,82.1034749034749,0.002184010931860124,0.05438060733212102
V0,100,5,pumpkin-v0/random/n100_p005/instance_n100_p0.050_0013.fzn,,,
V0,100,5,pumpkin-v0/random/n100_p005/instance_n100_p0.050_0019.fzn,,,
V0,100,5,pumpkin-v0/random/n100_p005/instance_n100_p0.050_0000.fzn,66.58467741935483,0.002268242546468104,0.09423724628037948
V0,100,5,pumpkin-v0/random/n100_p005/instance_n100_p0.050_0009.fzn,78.76162790697674,0.004383780795275868,0.08278797479522097
V0,100,5,pumpkin-v0/random/n100_p005/instance_n100_p0.050_0015.fzn,,,
V0,100,5,pumpkin-v0/random/n100_p005/instance_n100_p0.050_0002.fzn,73.55561147458481,0.0026539972912398052,0.04489489529600017
V0,100,5,pumpkin-v0/random/n100_p005/instance_n100_p0.050_0004.fzn,,,
V0,100,5,pumpkin-v0/random/n100_p005/instance_n100_p0.050_0003.fzn,72.74493927125506,0.0020325270153287098,0.07136062460295778
V0,100,5,pumpkin-v0/random/n100_p005/instance_n100_p0.050_0010.fzn,,,
V0,100,5,pumpkin-v0/random/n100_p005/instance_n100_p0.050_0001.fzn,60.31864406779661,0.0005958031224122958,0.02424009855997415
V0,100,5,pumpkin-v0/random/n100_p005/instance_n100_p0.050_0016.fzn,,,
V0,100,5,pumpkin-v0/random/n100_p005/instance_n100_p0.050_0014.fzn,75.67538126361656,0.005161043677721495,0.09234595109189618
V0,100,5,pumpkin-v0/random/n100_p005/instance_n100_p0.050_0008.fzn,78.66469857054071,0.005230045620690047,0.1221617088499588
V0,100,15,pumpkin-v0/random/n100_p015/instance_n100_p0.150_0019.fzn,88.77954954623948,0.0057871571337444186,0.1312128428662556
V0,100,15,pumpkin-v0/random/n100_p015/instance_n100_p0.150_0003.fzn,90.76914791766396,0.008616591579127555,0.14444958891763607
V0,100,15,pumpkin-v0/random/n100_p015/instance_n100_p0.150_0014.fzn,89.3404527979496,0.004797524387244856,0.09641159111402574
V0,100,15,pumpkin-v0/random/n100_p015/instance_n100_p0.150_0015.fzn,91.59895482130815,0.0048343115506795905,0.13787485880909034
V0,100,15,pumpkin-v0/random/n100_p015/instance_n100_p0.150_0000.fzn,97.34285714285714,0.0035133507327845814,0.02514555310178679
V0,100,15,pumpkin-v0/random/n100_p015/instance_n100_p0.150_0010.fzn,98.40628677088586,0.023449325176589302,0.049417412966700304
V0,100,15,pumpkin-v0/random/n100_p015/instance_n100_p0.150_0013.fzn,94.21180679785331,0.013717993393767761,0.09470078087039319
V0,100,15,pumpkin-v0/random/n100_p015/instance_n100_p0.150_0016.fzn,89.18311036789298,0.003959694547308583,0.12762234578794113
V0,100,15,pumpkin-v0/random/n100_p015/instance_n100_p0.150_0017.fzn,91.87283072546231,0.0081342204223315,0.11719525600231415
V0,100,15,pumpkin-v0/random/n100_p015/instance_n100_p0.150_0012.fzn,89.18539325842697,0.0046473881287082824,0.0732507566148042
V0,100,15,pumpkin-v0/random/n100_p015/instance_n100_p0.150_0018.fzn,89.64178893905192,0.0028717263489502023,0.06867996102830735
V0,100,15,pumpkin-v0/random/n100_p015/instance_n100_p0.150_0001.fzn,87.52374130167827,0.007613082160831425,0.1524400504838031
V0,100,15,pumpkin-v0/random/n100_p015/instance_n100_p0.150_0011.fzn,90.0,0.0092110532639167,0.16479775730877053
V0,100,15,pumpkin-v0/random/n100_p015/instance_n100_p0.150_0007.fzn,87.85903527717782,0.0021062272450881234,0.053624333369220574
V0,100,15,pumpkin-v0/random/n100_p015/instance_n100_p0.150_0008.fzn,,,
V0,100,15,pumpkin-v0/random/n100_p015/instance_n100_p0.150_0002.fzn,89.99886492622021,0.0046314654266025,0.09693708957420859
V0,100,15,pumpkin-v0/random/n100_p015/instance_n100_p0.150_0009.fzn,89.30913332875866,0.0107861140161751,0.12757412724106257
V0,100,15,pumpkin-v0/random/n100_p015/instance_n100_p0.150_0006.fzn,,,
V0,100,15,pumpkin-v0/random/n100_p015/instance_n100_p0.150_0005.fzn,88.40151515151516,0.005251203400779345,0.12464220020118247
V0,100,15,pumpkin-v0/random/n100_p015/instance_n100_p0.150_0004.fzn,88.29514066496164,0.002698181798106994,0.08996193562455664
V0,50,5,pumpkin-v0/random/n50_p005/instance_n50_p0.050_0008.fzn,,,
V0,50,5,pumpkin-v0/random/n50_p005/instance_n50_p0.050_0014.fzn,,,
V0,50,5,pumpkin-v0/random/n50_p005/instance_n50_p0.050_0013.fzn,,,
V0,50,5,pumpkin-v0/random/n50_p005/instance_n50_p0.050_0010.fzn,,,
V0,50,5,pumpkin-v0/random/n50_p005/instance_n50_p0.050_0006.fzn,,,
V0,50,5,pumpkin-v0/random/n50_p005/instance_n50_p0.050_0000.fzn,,,
V0,50,5,pumpkin-v0/random/n50_p005/instance_n50_p0.050_0009.fzn,,,
V0,50,5,pumpkin-v0/random/n50_p005/instance_n50_p0.050_0016.fzn,,,
V0,50,5,pumpkin-v0/random/n50_p005/instance_n50_p0.050_0015.fzn,,,
V0,50,5,pumpkin-v0/random/n50_p005/instance_n50_p0.050_0005.fzn,,,
V0,50,5,pumpkin-v0/random/n50_p005/instance_n50_p0.050_0019.fzn,,,
V0,50,5,pumpkin-v0/random/n50_p005/instance_n50_p0.050_0004.fzn,,,
V0,50,5,pumpkin-v0/random/n50_p005/instance_n50_p0.050_0018.fzn,,,
V0,50,5,pumpkin-v0/random/n50_p005/instance_n50_p0.050_0011.fzn,,,
V0,50,5,pumpkin-v0/random/n50_p005/instance_n50_p0.050_0017.fzn,,,
V0,50,5,pumpkin-v0/random/n50_p005/instance_n50_p0.050_0003.fzn,,,
V0,50,5,pumpkin-v0/random/n50_p005/instance_n50_p0.050_0002.fzn,,,
V0,50,5,pumpkin-v0/random/n50_p005/instance_n50_p0.050_0001.fzn,,,
V0,50,5,pumpkin-v0/random/n50_p005/instance_n50_p0.050_0012.fzn,,,
V0,50,10,pumpkin-v0/random/n50_p010/instance_n50_p0.100_0014.fzn,38.61233815689261,0.003440658468133947,0.1185952784627358
V0,50,10,pumpkin-v0/random/n50_p010/instance_n50_p0.100_0007.fzn,34.69309701492537,0.00800459965801244,0.09172434906625448
V0,50,5,pumpkin-v0/random/n50_p005/instance_n50_p0.050_0007.fzn,,,
V0,50,10,pumpkin-v0/random/n50_p010/instance_n50_p0.100_0003.fzn,,,
V0,50,10,pumpkin-v0/random/n50_p010/instance_n50_p0.100_0002.fzn,34.54127284183995,0.002864016083245957,0.07226632642564657
V0,50,10,pumpkin-v0/random/n50_p010/instance_n50_p0.100_0017.fzn,33.309297912713475,0.0016558632326095085,0.07230026738892048
V0,50,10,pumpkin-v0/random/n50_p010/instance_n50_p0.100_0012.fzn,31.916815742397137,0.001903931499337541,0.05880559803544242
V0,50,10,pumpkin-v0/random/n50_p010/instance_n50_p0.100_0011.fzn,35.587646076794655,0.0028439776754874287,0.08197801258661906
V0,50,10,pumpkin-v0/random/n50_p010/instance_n50_p0.100_0000.fzn,46.75,0.0342042755344418,0.15534441805225654
V0,50,10,pumpkin-v0/random/n50_p010/instance_n50_p0.100_0018.fzn,33.10275927687916,0.002697264752832,0.089198365729596
V0,50,10,pumpkin-v0/random/n50_p010/instance_n50_p0.100_0019.fzn,37.20953642384106,0.003779145722857975,0.1168972362681862
V0,50,10,pumpkin-v0/random/n50_p010/instance_n50_p0.100_0016.fzn,33.38798037612428,0.005485694806083155,0.09528310984621664
V0,50,10,pumpkin-v0/random/n50_p010/instance_n50_p0.100_0001.fzn,,,
V0,50,10,pumpkin-v0/random/n50_p010/instance_n50_p0.100_0008.fzn,,,
V0,50,10,pumpkin-v0/random/n50_p010/instance_n50_p0.100_0005.fzn,34.64929859719439,0.0037164532374850856,0.10450755877433011
V0,50,10,pumpkin-v0/random/n50_p010/instance_n50_p0.100_0009.fzn,28.71266693646297,0.004228550502172458,0.12212485090551901
V0,50,10,pumpkin-v0/random/n50_p010/instance_n50_p0.100_0010.fzn,32.62814943527368,0.0012773943375139975,0.04127615134736803
V0,50,10,pumpkin-v0/random/n50_p010/instance_n50_p0.100_0004.fzn,40.666666666666664,0.01048951048951049,0.0944055944055944
V0,50,10,pumpkin-v0/random/n50_p010/instance_n50_p0.100_0015.fzn,36.34551351351352,0.003917191005621275,0.11497146167547365
V0,150,10,pumpkin-v0/random/n150_p010/instance_n150_p0.100_0009.fzn,136.86474820143886,0.0041223103654851575,0.10011381662671771
V0,150,10,pumpkin-v0/random/n150_p010/instance_n150_p0.100_0006.fzn,135.3593220338983,0.0022289103524700607,0.06246993489566936
V0,50,10,pumpkin-v0/random/n50_p010/instance_n50_p0.100_0013.fzn,39.93251533742331,0.009278057110331087,0.16091452423868702
V0,50,10,pumpkin-v0/random/n50_p010/instance_n50_p0.100_0006.fzn,29.945216049382715,0.002467100566709752,0.06422361525414372
V0,150,10,pumpkin-v0/random/n150_p010/instance_n150_p0.100_0013.fzn,139.3049645390071,0.007998717442778216,0.09314325177584847
V0,150,10,pumpkin-v0/random/n150_p010/instance_n150_p0.100_0014.fzn,139.4934106483922,0.00446367645051837,0.08292037855364648
V0,150,10,pumpkin-v0/random/n150_p010/instance_n150_p0.100_0015.fzn,133.5991358617379,0.004155776789098817,0.17125670849709715
V0,150,10,pumpkin-v0/random/n150_p010/instance_n150_p0.100_0000.fzn,139.01862828111769,0.0067392135491859875,0.1370649136722532
V0,150,10,pumpkin-v0/random/n150_p010/instance_n150_p0.100_0001.fzn,135.28174603174602,0.00271141214002507,0.0871579128582265
V0,150,10,pumpkin-v0/random/n150_p010/instance_n150_p0.100_0018.fzn,134.9524465885596,0.0038010661846568953,0.0805427849162377
V0,150,10,pumpkin-v0/random/n150_p010/instance_n150_p0.100_0010.fzn,138.04468085106382,0.0038542202686883556,0.10836304294790447
V0,150,10,pumpkin-v0/random/n150_p010/instance_n150_p0.100_0011.fzn,133.68055555555554,0.00242421361599981,0.06967237465983767
V0,150,10,pumpkin-v0/random/n150_p010/instance_n150_p0.100_0002.fzn,136.53765932792584,0.0019661852588506814,0.0747719976943459
V0,150,10,pumpkin-v0/random/n150_p010/instance_n150_p0.100_0017.fzn,138.10911808669655,0.003940517234609011,0.0923518232009487
V0,150,10,pumpkin-v0/random/n150_p010/instance_n150_p0.100_0005.fzn,136.77855552020364,0.002921829215689191,0.0928375674911871
V0,150,10,pumpkin-v0/random/n150_p010/instance_n150_p0.100_0012.fzn,136.3927842069435,0.004119172800560813,0.11501997896950579
V0,150,10,pumpkin-v0/random/n150_p010/instance_n150_p0.100_0007.fzn,143.54064224786754,0.009140713324206379,0.059130279243517686
V0,150,10,pumpkin-v0/random/n150_p010/instance_n150_p0.100_0016.fzn,136.29289940828403,0.005019262427235545,0.09956214042054885
V0,150,10,pumpkin-v0/random/n150_p010/instance_n150_p0.100_0008.fzn,,,
V0,150,10,pumpkin-v0/random/n150_p010/instance_n150_p0.100_0004.fzn,133.27857142857144,0.0018775250196972492,0.07696511491458938
V0,150,10,pumpkin-v0/random/n150_p010/instance_n150_p0.100_0019.fzn,131.34103410341035,0.002235832349468713,0.10715761511216057
V0,20,15,pumpkin-v0/random/n20_p015/instance_n20_p0.150_0011.fzn,,,
V0,20,15,pumpkin-v0/random/n20_p015/instance_n20_p0.150_0004.fzn,,,
V0,150,10,pumpkin-v0/random/n150_p010/instance_n150_p0.100_0003.fzn,,,
V0,20,15,pumpkin-v0/random/n20_p015/instance_n20_p0.150_0002.fzn,,,
V0,20,15,pumpkin-v0/random/n20_p015/instance_n20_p0.150_0000.fzn,,,
V0,20,15,pumpkin-v0/random/n20_p015/instance_n20_p0.150_0014.fzn,,,
V0,20,15,pumpkin-v0/random/n20_p015/instance_n20_p0.150_0019.fzn,,,
V0,20,15,pumpkin-v0/random/n20_p015/instance_n20_p0.150_0012.fzn,12.0,0.2,0.0
V0,20,15,pumpkin-v0/random/n20_p015/instance_n20_p0.150_0015.fzn,,,
V0,20,15,pumpkin-v0/random/n20_p015/instance_n20_p0.150_0016.fzn,18.0,0.125,0.125
V0,20,15,pumpkin-v0/random/n20_p015/instance_n20_p0.150_0008.fzn,,,
V0,20,15,pumpkin-v0/random/n20_p015/instance_n20_p0.150_0007.fzn,,,
V0,20,15,pumpkin-v0/random/n20_p015/instance_n20_p0.150_0010.fzn,,,
V0,20,15,pumpkin-v0/random/n20_p015/instance_n20_p0.150_0009.fzn,18.0,0.10256410256410256,0.15384615384615385
V0,20,15,pumpkin-v0/random/n20_p015/instance_n20_p0.150_0005.fzn,,0.0,0.2857142857142857
V0,20,15,pumpkin-v0/random/n20_p015/instance_n20_p0.150_0001.fzn,20.0,0.09090909090909091,0.45454545454545453
V0,20,15,pumpkin-v0/random/n20_p015/instance_n20_p0.150_0003.fzn,,,
V0,20,15,pumpkin-v0/random/n20_p015/instance_n20_p0.150_0018.fzn,,,
V0,20,10,pumpkin-v0/random/n20_p010/instance_n20_p0.100_0014.fzn,,,
V0,20,15,pumpkin-v0/random/n20_p015/instance_n20_p0.150_0013.fzn,,,
V0,20,15,pumpkin-v0/random/n20_p015/instance_n20_p0.150_0017.fzn,19.224852071005916,0.3673913043478261,0.1
V0,20,10,pumpkin-v0/random/n20_p010/instance_n20_p0.100_0006.fzn,,,
V0,20,10,pumpkin-v0/random/n20_p010/instance_n20_p0.100_0010.fzn,,,
V0,20,10,pumpkin-v0/random/n20_p010/instance_n20_p0.100_0012.fzn,,,
V0,20,10,pumpkin-v0/random/n20_p010/instance_n20_p0.100_0015.fzn,,,
V0,20,10,pumpkin-v0/random/n20_p010/instance_n20_p0.100_0001.fzn,,,
V0,20,15,pumpkin-v0/random/n20_p015/instance_n20_p0.150_0006.fzn,,,
V0,20,10,pumpkin-v0/random/n20_p010/instance_n20_p0.100_0005.fzn,,,
V0,20,10,pumpkin-v0/random/n20_p010/instance_n20_p0.100_0008.fzn,,,
V0,20,10,pumpkin-v0/random/n20_p010/instance_n20_p0.100_0007.fzn,,,
V0,20,10,pumpkin-v0/random/n20_p010/instance_n20_p0.100_0003.fzn,,,
V0,20,10,pumpkin-v0/random/n20_p010/instance_n20_p0.100_0017.fzn,,,
V0,20,10,pumpkin-v0/random/n20_p010/instance_n20_p0.100_0009.fzn,,,
V0,20,10,pumpkin-v0/random/n20_p010/instance_n20_p0.100_0000.fzn,,,
V0,20,10,pumpkin-v0/random/n20_p010/instance_n20_p0.100_0004.fzn,,,
V0,20,10,pumpkin-v0/random/n20_p010/instance_n20_p0.100_0011.fzn,,,
V0,20,10,pumpkin-v0/random/n20_p010/instance_n20_p0.100_0019.fzn,,,
V0,20,10,pumpkin-v0/random/n20_p010/instance_n20_p0.100_0002.fzn,,,
V0,20,10,pumpkin-v0/random/n20_p010/instance_n20_p0.100_0018.fzn,,,
V0,20,10,pumpkin-v0/random/n20_p010/instance_n20_p0.100_0013.fzn,,,
V0,20,10,pumpkin-v0/random/n20_p010/instance_n20_p0.100_0016.fzn,,,
V0,100,10,pumpkin-v0/random/n100_p010/instance_n100_p0.100_0002.fzn,84.13566465062412,0.005306740673766905,0.14147711907695082
V0,100,10,pumpkin-v0/random/n100_p010/instance_n100_p0.100_0012.fzn,85.94363636363636,0.002552529905208321,0.10100592883082528
V0,100,10,pumpkin-v0/random/n100_p010/instance_n100_p0.100_0004.fzn,87.83294301327088,0.0023893726078295318,0.07972595891995135
V0,100,10,pumpkin-v0/random/n100_p010/instance_n100_p0.100_0019.fzn,,,
V0,100,10,pumpkin-v0/random/n100_p010/instance_n100_p0.100_0000.fzn,96.03448275862068,0.027001862197392923,0.0893854748603352
V0,100,10,pumpkin-v0/random/n100_p010/instance_n100_p0.100_0018.fzn,84.70401106500691,0.0024200755813369662,0.08817208980053623
V0,100,10,pumpkin-v0/random/n100_p010/instance_n100_p0.100_0016.fzn,85.73743703157636,0.0049889053707812825,0.1413682558752498
V0,100,10,pumpkin-v0/random/n100_p010/instance_n100_p0.100_0014.fzn,83.73109756097561,0.0033265720081135904,0.07486206896551724
V0,100,10,pumpkin-v0/random/n100_p010/instance_n100_p0.100_0006.fzn,83.1925352753755,0.004217020100425349,0.06796753835050597
V0,100,10,pumpkin-v0/random/n100_p010/instance_n100_p0.100_0007.fzn,85.90519598906107,0.004425582042706665,0.16646764322627755
V0,100,10,pumpkin-v0/random/n100_p010/instance_n100_p0.100_0010.fzn,85.4990612921038,0.005257132108159325,0.0807734689872749
V0,100,10,pumpkin-v0/random/n100_p010/instance_n100_p0.100_0013.fzn,,,
V0,100,10,pumpkin-v0/random/n100_p010/instance_n100_p0.100_0009.fzn,81.97396825396825,0.0036290322580645163,0.08041013824884792
V0,100,10,pumpkin-v0/random/n100_p010/instance_n100_p0.100_0008.fzn,,,
V0,100,10,pumpkin-v0/random/n100_p010/instance_n100_p0.100_0001.fzn,,,
V0,100,10,pumpkin-v0/random/n100_p010/instance_n100_p0.100_0015.fzn,87.82356282663031,0.0057992842805596485,0.09550074500576008
V0,100,10,pumpkin-v0/random/n100_p010/instance_n100_p0.100_0017.fzn,87.59365404298875,0.03554213580224457,0.16832493588227804
V0,100,10,pumpkin-v0/random/n100_p010/instance_n100_p0.100_0005.fzn,79.96925482021886,0.0035289487815104415,0.04935930914253349
V0,100,10,pumpkin-v0/random/n100_p010/instance_n100_p0.100_0011.fzn,,,
V0,100,10,pumpkin-v0/random/n100_p010/instance_n100_p0.100_0003.fzn,96.65948275862068,0.026848744358291866,0.1378312695289897
V1,150,15,pumpkin-v1/random/n150_p015/instance_n150_p0.150_0014.fzn,144.21153846153845,0.00017938102730507416,0.002669831131968869
V1,150,15,pumpkin-v1/random/n150_p015/instance_n150_p0.150_0009.fzn,145.0769046669326,0.0005767805055459274,0.005247115131186621
V1,150,15,pumpkin-v1/random/n150_p015/instance_n150_p0.150_0000.fzn,144.37648723390572,0.0005076437952715572,0.005546079472747815
V1,150,15,pumpkin-v1/random/n150_p015/instance_n150_p0.150_0013.fzn,142.0295589286465,0.0008030167471686764,0.005499666982543105
V1,150,15,pumpkin-v1/random/n150_p015/instance_n150_p0.150_0017.fzn,141.61751798398407,0.000820732041144211,0.007186520314482625
V1,150,15,pumpkin-v1/random/n150_p015/instance_n150_p0.150_0002.fzn,145.30084997034987,0.00046940792295437685,0.009909016608030884
V1,150,15,pumpkin-v1/random/n150_p015/instance_n150_p0.150_0010.fzn,134.23797556617615,0.002565324874942322,0.02163072811938757
V1,150,15,pumpkin-v1/random/n150_p015/instance_n150_p0.150_0006.fzn,144.15325605182406,0.0005290044786821385,0.006549834774027341
V1,150,15,pumpkin-v1/random/n150_p015/instance_n150_p0.150_0003.fzn,143.89309184993533,0.0009271706161616081,0.01720464032460999
V1,150,15,pumpkin-v1/random/n150_p015/instance_n150_p0.150_0012.fzn,141.8999538411637,0.006458400610018247,0.029174937267512725
V1,150,15,pumpkin-v1/random/n150_p015/instance_n150_p0.150_0005.fzn,144.75265068990558,0.0005822075840211797,0.004390614695359142
V1,150,15,pumpkin-v1/random/n150_p015/instance_n150_p0.150_0015.fzn,146.86051353226927,0.00021645629648233734,0.005957730486524957
V1,150,15,pumpkin-v1/random/n150_p015/instance_n150_p0.150_0011.fzn,144.17377949806468,0.0022525693606578706,0.007030525197698189
V1,150,15,pumpkin-v1/random/n150_p015/instance_n150_p0.150_0016.fzn,143.74718079301564,0.00022308290512208575,0.013507511661539169
V1,150,15,pumpkin-v1/random/n150_p015/instance_n150_p0.150_0004.fzn,142.63763497964243,0.00044688996740725224,0.00774941537038053
V1,150,15,pumpkin-v1/random/n150_p015/instance_n150_p0.150_0018.fzn,142.69255524565543,0.0002595991390509566,0.00889348442920354
V1,150,15,pumpkin-v1/random/n150_p015/instance_n150_p0.150_0001.fzn,145.43104894414842,0.0019467882676134608,0.012759877335433933
V1,150,15,pumpkin-v1/random/n150_p015/instance_n150_p0.150_0008.fzn,136.98211679129733,0.002566085022960193,0.018268736643453066
V1,150,15,pumpkin-v1/random/n150_p015/instance_n150_p0.150_0007.fzn,139.5914748178242,0.0006484236347675997,0.012017852787387422
V1,50,15,pumpkin-v1/random/n50_p015/instance_n50_p0.150_0003.fzn,45.72195121951219,0.003110065994083289,0.025381172722445573
V1,50,15,pumpkin-v1/random/n50_p015/instance_n50_p0.150_0011.fzn,,0.0,0.013788575180564675
V1,150,15,pumpkin-v1/random/n150_p015/instance_n150_p0.150_0019.fzn,144.30799006719252,0.0004981719324068155,0.0049860126550661105
V1,50,15,pumpkin-v1/random/n50_p015/instance_n50_p0.150_0015.fzn,44.776041666666664,0.0029089586836961957,0.02460494219959699
V1,50,15,pumpkin-v1/random/n50_p015/instance_n50_p0.150_0006.fzn,,0.0,0.003485749436128768
V1,50,15,pumpkin-v1/random/n50_p015/instance_n50_p0.150_0014.fzn,43.18181818181818,0.0017339218158890291,0.06998738965952081
V1,50,15,pumpkin-v1/random/n50_p015/instance_n50_p0.150_0019.fzn,43.7,0.002843089870070793,0.01523896170357945
V1,50,15,pumpkin-v1/random/n50_p015/instance_n50_p0.150_0004.fzn,44.75598086124402,0.0030823458274033817,0.03590416706609346
V1,50,15,pumpkin-v1/random/n50_p015/instance_n50_p0.150_0018.fzn,45.742451154529306,0.004386033249715648,0.04290210498434116
V1,50,15,pumpkin-v1/random/n50_p015/instance_n50_p0.150_0009.fzn,45.5,0.0004205921938088829,0.011734522207267834
V1,50,15,pumpkin-v1/random/n50_p015/instance_n50_p0.150_0017.fzn,,0.0,0.0016533480297602646
V1,50,15,pumpkin-v1/random/n50_p015/instance_n50_p0.150_0005.fzn,42.21212121212121,0.0010280453897616026,0.01707178404816237
V1,50,15,pumpkin-v1/random/n50_p015/instance_n50_p0.150_0016.fzn,43.61176470588235,0.0011100808400047015,0.018296744198195138
V1,50,15,pumpkin-v1/random/n50_p015/instance_n50_p0.150_0000.fzn,44.610169491525426,0.0019356955380577428,0.02047244094488189
V1,50,15,pumpkin-v1/random/n50_p015/instance_n50_p0.150_0008.fzn,42.575,0.0009553265425538267,0.023071136002674915
V1,50,15,pumpkin-v1/random/n50_p015/instance_n50_p0.150_0010.fzn,45.929906542056074,0.0023966044370779343,0.01676503197339097
V1,50,15,pumpkin-v1/random/n50_p015/instance_n50_p0.150_0002.fzn,44.11538461538461,0.0027870082538321364,0.09475828063029264
V1,50,15,pumpkin-v1/random/n50_p015/instance_n50_p0.150_0012.fzn,39.5625,0.004051612012108795,0.037776677908355295
V1,50,15,pumpkin-v1/random/n50_p015/instance_n50_p0.150_0001.fzn,42.74178403755869,0.002590295512586647,0.019956220357533746
V1,50,15,pumpkin-v1/random/n50_p015/instance_n50_p0.150_0007.fzn,44.14423076923077,0.00454522278147239,0.0325522445679489
V1,50,15,pumpkin-v1/random/n50_p015/instance_n50_p0.150_0013.fzn,38.71522214129643,0.0008987266620715747,0.01922018279563558
V1,150,5,pumpkin-v1/random/n150_p005/instance_n150_p0.050_0013.fzn,,,
V1,150,5,pumpkin-v1/random/n150_p005/instance_n150_p0.050_0000.fzn,,,
V1,150,5,pumpkin-v1/random/n150_p005/instance_n150_p0.050_0008.fzn,141.34751903145923,0.00492583018061528,0.022899259702344864
V1,150,5,pumpkin-v1/random/n150_p005/instance_n150_p0.050_0002.fzn,129.750501002004,0.0013593248595727525,0.016727323246906785
V1,150,5,pumpkin-v1/random/n150_p005/instance_n150_p0.050_0003.fzn,137.86363636363637,0.0013453636816829276,0.009222475778809205
V1,150,5,pumpkin-v1/random/n150_p005/instance_n150_p0.050_0019.fzn,144.03289602506365,0.005387568399543001,0.02348292002620466
V1,150,5,pumpkin-v1/random/n150_p005/instance_n150_p0.050_0012.fzn,143.10783114992722,0.03350281433393772,0.054267731864346275
V1,150,5,pumpkin-v1/random/n150_p005/instance_n150_p0.050_0010.fzn,135.851,0.0023620615128059166,0.01216815988321968
V1,150,5,pumpkin-v1/random/n150_p005/instance_n150_p0.050_0011.fzn,140.85559566787003,0.0006456936661414092,0.003438260496601367
V1,150,5,pumpkin-v1/random/n150_p005/instance_n150_p0.050_0017.fzn,142.17709671499358,0.0069852884620315156,0.039959336878323426
V1,150,5,pumpkin-v1/random/n150_p005/instance_n150_p0.050_0006.fzn,134.4392523364486,0.0005012507846682844,0.013803134925468225
V1,150,5,pumpkin-v1/random/n150_p005/instance_n150_p0.050_0005.fzn,136.68784838350055,0.0012882119273775912,0.015133976912714666
V1,150,5,pumpkin-v1/random/n150_p005/instance_n150_p0.050_0007.fzn,140.57442348008385,0.001206365665366304,0.006941028445697738
V1,150,5,pumpkin-v1/random/n150_p005/instance_n150_p0.050_0015.fzn,142.3748169838946,0.0007080251488874261,0.006606506989545485
V1,150,5,pumpkin-v1/random/n150_p005/instance_n150_p0.050_0018.fzn,140.50413110586527,0.05584282986354277,0.11458104251525962
V1,150,5,pumpkin-v1/random/n150_p005/instance_n150_p0.050_0001.fzn,139.44707458686915,0.0020407196020277773,0.02095132715132314
V1,150,5,pumpkin-v1/random/n150_p005/instance_n150_p0.050_0004.fzn,136.0431722536642,0.006993961605779483,0.029139476807826418
V1,150,5,pumpkin-v1/random/n150_p005/instance_n150_p0.050_0009.fzn,139.30838323353294,0.0004790584063993024,0.015958095298199516
V1,150,5,pumpkin-v1/random/n150_p005/instance_n150_p0.050_0016.fzn,136.8379995214166,0.004387159762847717,0.02962828820458715
V1,20,5,pumpkin-v1/random/n20_p005/instance_n20_p0.050_0019.fzn,,,
V1,20,5,pumpkin-v1/random/n20_p005/instance_n20_p0.050_0018.fzn,,,
V1,20,5,pumpkin-v1/random/n20_p005/instance_n20_p0.050_0011.fzn,,,
V1,20,5,pumpkin-v1/random/n20_p005/instance_n20_p0.050_0009.fzn,,,
V1,20,5,pumpkin-v1/random/n20_p005/instance_n20_p0.050_0014.fzn,,,
V1,20,5,pumpkin-v1/random/n20_p005/instance_n20_p0.050_0015.fzn,,,
V1,20,5,pumpkin-v1/random/n20_p005/instance_n20_p0.050_0001.fzn,,,
V1,20,5,pumpkin-v1/random/n20_p005/instance_n20_p0.050_0012.fzn,,,
V1,20,5,pumpkin-v1/random/n20_p005/instance_n20_p0.050_0016.fzn,,,
V1,20,5,pumpkin-v1/random/n20_p005/instance_n20_p0.050_0013.fzn,,,
V1,20,5,pumpkin-v1/random/n20_p005/instance_n20_p0.050_0004.fzn,,,
V1,20,5,pumpkin-v1/random/n20_p005/instance_n20_p0.050_0002.fzn,,,
V1,20,5,pumpkin-v1/random/n20_p005/instance_n20_p0.050_0008.fzn,,,
V1,20,5,pumpkin-v1/random/n20_p005/instance_n20_p0.050_0005.fzn,,,
V1,20,5,pumpkin-v1/random/n20_p005/instance_n20_p0.050_0007.fzn,,,
V1,20,5,pumpkin-v1/random/n20_p005/instance_n20_p0.050_0006.fzn,,,
V1,20,5,pumpkin-v1/random/n20_p005/instance_n20_p0.050_0003.fzn,,,
V1,20,5,pumpkin-v1/random/n20_p005/instance_n20_p0.050_0017.fzn,,,
V1,20,5,pumpkin-v1/random/n20_p005/instance_n20_p0.050_0000.fzn,,,
V1,20,5,pumpkin-v1/random/n20_p005/instance_n20_p0.050_0010.fzn,,,
V1,100,5,pumpkin-v1/random/n100_p005/instance_n100_p0.050_0006.fzn,87.97972972972973,0.0018721932913073728,0.037616748539984396
V1,100,5,pumpkin-v1/random/n100_p005/instance_n100_p0.050_0012.fzn,,,
V1,100,5,pumpkin-v1/random/n100_p005/instance_n100_p0.050_0005.fzn,92.61386138613861,0.0018070079705153552,0.016746133271310616
V1,100,5,pumpkin-v1/random/n100_p005/instance_n100_p0.050_0000.fzn,80.28571428571429,0.0011688745407992876,0.040966269620394076
V1,100,5,pumpkin-v1/random/n100_p005/instance_n100_p0.050_0015.fzn,,,
V1,100,5,pumpkin-v1/random/n100_p005/instance_n100_p0.050_0014.fzn,,,
V1,100,5,pumpkin-v1/random/n100_p005/instance_n100_p0.050_0008.fzn,,,
V1,100,5,pumpkin-v1/random/n100_p005/instance_n100_p0.050_0001.fzn,,,
V1,100,5,pumpkin-v1/random/n100_p005/instance_n100_p0.050_0002.fzn,,,
V1,100,5,pumpkin-v1/random/n100_p005/instance_n100_p0.050_0007.fzn,,,
V1,100,5,pumpkin-v1/random/n100_p005/instance_n100_p0.050_0013.fzn,,,
V1,100,5,pumpkin-v1/random/n100_p005/instance_n100_p0.050_0017.fzn,90.8,0.0002950026550238952,0.015281137530237772
V1,100,5,pumpkin-v1/random/n100_p005/instance_n100_p0.050_0018.fzn,,,
V1,100,5,pumpkin-v1/random/n100_p005/instance_n100_p0.050_0010.fzn,,,
V1,100,5,pumpkin-v1/random/n100_p005/instance_n100_p0.050_0003.fzn,,,
V1,100,5,pumpkin-v1/random/n100_p005/instance_n100_p0.050_0011.fzn,,,
V1,100,5,pumpkin-v1/random/n100_p005/instance_n100_p0.050_0004.fzn,,,
V1,100,5,pumpkin-v1/random/n100_p005/instance_n100_p0.050_0009.fzn,,,
V1,100,5,pumpkin-v1/random/n100_p005/instance_n100_p0.050_0016.fzn,,,
V1,100,15,pumpkin-v1/random/n100_p015/instance_n100_p0.150_0003.fzn,94.04443351369076,0.0017170434083438344,0.010696682128221674
V1,100,5,pumpkin-v1/random/n100_p005/instance_n100_p0.050_0019.fzn,,,
V1,100,15,pumpkin-v1/random/n100_p015/instance_n100_p0.150_0019.fzn,92.43518518518519,0.00036404698902802823,0.009297524143394064
V1,100,15,pumpkin-v1/random/n100_p015/instance_n100_p0.150_0014.fzn,94.94497282608695,0.0006826506787898996,0.010566940924977756
V1,100,15,pumpkin-v1/random/n100_p015/instance_n100_p0.150_0000.fzn,92.38798701298701,0.000489244173348106,0.018765611535360997
V1,100,15,pumpkin-v1/random/n100_p015/instance_n100_p0.150_0010.fzn,94.58001971738416,0.0010296103484806396,0.00935040485713522
V1,100,15,pumpkin-v1/random/n100_p015/instance_n100_p0.150_0015.fzn,94.03114305270363,0.0009182756656005828,0.009859678553235005
V1,100,15,pumpkin-v1/random/n100_p015/instance_n100_p0.150_0013.fzn,95.57934782608696,0.0010513913221360158,0.01917274930831022
V1,100,15,pumpkin-v1/random/n100_p015/instance_n100_p0.150_0012.fzn,94.57857142857142,0.00021558859536330527,0.00474525897580018
V1,100,15,pumpkin-v1/random/n100_p015/instance_n100_p0.150_0017.fzn,96.15073225685317,0.004099804293232537,0.014252785649976783
V1,100,15,pumpkin-v1/random/n100_p015/instance_n100_p0.150_0016.fzn,94.93417572729945,0.0008855109538719832,0.021840868763529545
V1,100,15,pumpkin-v1/random/n100_p015/instance_n100_p0.150_0018.fzn,96.63655761024182,0.0007566828659229002,0.004990016737437503
V1,100,15,pumpkin-v1/random/n100_p015/instance_n100_p0.150_0011.fzn,93.54895729890765,0.0016185973784830384,0.012543406377562993
V1,100,15,pumpkin-v1/random/n100_p015/instance_n100_p0.150_0001.fzn,94.52647278150634,0.0006161236952167942,0.011844644938619654
V1,100,15,pumpkin-v1/random/n100_p015/instance_n100_p0.150_0007.fzn,93.9510993176649,0.0011350781753898013,0.010625760250663814
V1,100,15,pumpkin-v1/random/n100_p015/instance_n100_p0.150_0008.fzn,94.61863098301596,0.0022264548673649387,0.011461372554996185
V1,100,15,pumpkin-v1/random/n100_p015/instance_n100_p0.150_0006.fzn,94.1891284815813,0.0007804003811551187,0.012924285737324103
V1,100,15,pumpkin-v1/random/n100_p015/instance_n100_p0.150_0004.fzn,91.67158808933003,0.0018259481734288294,0.013625062158130283
V1,100,15,pumpkin-v1/random/n100_p015/instance_n100_p0.150_0005.fzn,94.8355671788166,0.004845458104313234,0.02829319400161568
V1,100,15,pumpkin-v1/random/n100_p015/instance_n100_p0.150_0009.fzn,96.60894025561059,0.004000376724769532,0.01629065539101707
V1,50,5,pumpkin-v1/random/n50_p005/instance_n50_p0.050_0008.fzn,,,
V1,100,15,pumpkin-v1/random/n100_p015/instance_n100_p0.150_0002.fzn,92.91717963066593,0.0011802697470070552,0.0181481059103312
V1,50,5,pumpkin-v1/random/n50_p005/instance_n50_p0.050_0014.fzn,,,
V1,50,5,pumpkin-v1/random/n50_p005/instance_n50_p0.050_0006.fzn,,,
V1,50,5,pumpkin-v1/random/n50_p005/instance_n50_p0.050_0017.fzn,,,
V1,50,5,pumpkin-v1/random/n50_p005/instance_n50_p0.050_0003.fzn,,,
V1,50,5,pumpkin-v1/random/n50_p005/instance_n50_p0.050_0010.fzn,,,
V1,50,5,pumpkin-v1/random/n50_p005/instance_n50_p0.050_0001.fzn,,,
V1,50,5,pumpkin-v1/random/n50_p005/instance_n50_p0.050_0015.fzn,,,
V1,50,5,pumpkin-v1/random/n50_p005/instance_n50_p0.050_0012.fzn,,,
V1,50,5,pumpkin-v1/random/n50_p005/instance_n50_p0.050_0002.fzn,,,
V1,50,5,pumpkin-v1/random/n50_p005/instance_n50_p0.050_0019.fzn,,,
V1,50,5,pumpkin-v1/random/n50_p005/instance_n50_p0.050_0013.fzn,,,
V1,50,5,pumpkin-v1/random/n50_p005/instance_n50_p0.050_0005.fzn,,,
V1,50,5,pumpkin-v1/random/n50_p005/instance_n50_p0.050_0009.fzn,,,
V1,50,5,pumpkin-v1/random/n50_p005/instance_n50_p0.050_0011.fzn,,,
V1,50,5,pumpkin-v1/random/n50_p005/instance_n50_p0.050_0000.fzn,,,
V1,50,5,pumpkin-v1/random/n50_p005/instance_n50_p0.050_0016.fzn,,,
V1,50,5,pumpkin-v1/random/n50_p005/instance_n50_p0.050_0018.fzn,,,
V1,50,5,pumpkin-v1/random/n50_p005/instance_n50_p0.050_0004.fzn,,,
V1,50,10,pumpkin-v1/random/n50_p010/instance_n50_p0.100_0011.fzn,43.875,0.0014587892049598833,0.014405543398978848
V1,50,5,pumpkin-v1/random/n50_p005/instance_n50_p0.050_0007.fzn,,,
V1,50,10,pumpkin-v1/random/n50_p010/instance_n50_p0.100_0015.fzn,33.97435897435897,0.005200462263312294,0.14183482976264558
V1,50,10,pumpkin-v1/random/n50_p010/instance_n50_p0.100_0006.fzn,35.61538461538461,0.00123574144486692,0.029277566539923954
V1,50,10,pumpkin-v1/random/n50_p010/instance_n50_p0.100_0001.fzn,,,
V1,50,10,pumpkin-v1/random/n50_p010/instance_n50_p0.100_0019.fzn,44.44117647058823,0.002639751552795031,0.03330745341614907
V1,50,10,pumpkin-v1/random/n50_p010/instance_n50_p0.100_0005.fzn,27.5,0.0008602150537634409,0.015125448028673836
V1,50,10,pumpkin-v1/random/n50_p010/instance_n50_p0.100_0002.fzn,42.5,0.0024172835775796947,0.012992899229490859
V1,50,10,pumpkin-v1/random/n50_p010/instance_n50_p0.100_0003.fzn,,,
V1,50,10,pumpkin-v1/random/n50_p010/instance_n50_p0.100_0017.fzn,,,
V1,50,10,pumpkin-v1/random/n50_p010/instance_n50_p0.100_0000.fzn,42.464285714285715,0.0030534351145038168,0.03805888767720829
V1,50,10,pumpkin-v1/random/n50_p010/instance_n50_p0.100_0010.fzn,45.57692307692308,0.006508135168961202,0.01702127659574468
V1,50,10,pumpkin-v1/random/n50_p010/instance_n50_p0.100_0018.fzn,41.407407407407405,0.0035535667280863384,0.018360094761779414
V1,50,10,pumpkin-v1/random/n50_p010/instance_n50_p0.100_0012.fzn,44.714285714285715,0.0006234413965087282,0.03794086213038832
V1,50,10,pumpkin-v1/random/n50_p010/instance_n50_p0.100_0008.fzn,,,
V1,50,10,pumpkin-v1/random/n50_p010/instance_n50_p0.100_0007.fzn,40.83157894736842,0.002740674494417679,0.010703055130831146
V1,50,10,pumpkin-v1/random/n50_p010/instance_n50_p0.100_0009.fzn,,,
V1,50,10,pumpkin-v1/random/n50_p010/instance_n50_p0.100_0004.fzn,44.0,0.0009596928982725527,0.012476007677543186
V1,50,10,pumpkin-v1/random/n50_p010/instance_n50_p0.100_0013.fzn,44.25,0.0019148996085719917,0.03536932218185914
V1,150,10,pumpkin-v1/random/n150_p010/instance_n150_p0.100_0005.fzn,144.00283380563428,0.0007375376544999386,0.006568744681159731
V1,50,10,pumpkin-v1/random/n50_p010/instance_n50_p0.100_0014.fzn,43.958333333333336,0.0023568692919571834,0.031817735441421975
V1,50,10,pumpkin-v1/random/n50_p010/instance_n50_p0.100_0016.fzn,40.66111111111111,0.0047899092578301715,0.038399105883605206
V1,150,10,pumpkin-v1/random/n150_p010/instance_n150_p0.100_0014.fzn,143.01867157936667,0.0041879096108813916,0.014360021769456452
V1,150,10,pumpkin-v1/random/n150_p010/instance_n150_p0.100_0011.fzn,140.8756226088212,0.0015255450329815282,0.012146325020050792
V1,150,10,pumpkin-v1/random/n150_p010/instance_n150_p0.100_0003.fzn,141.95871281117184,0.001281440649470741,0.007791605228101493
V1,150,10,pumpkin-v1/random/n150_p010/instance_n150_p0.100_0013.fzn,142.94427833650448,0.0008309830411923873,0.008895629410926987
V1,150,10,pumpkin-v1/random/n150_p010/instance_n150_p0.100_0016.fzn,140.77828084876336,0.001206643830835678,0.012831537582902742
V1,150,10,pumpkin-v1/random/n150_p010/instance_n150_p0.100_0009.fzn,144.49221716021262,0.0006973349309733726,0.0077401794644658345
V1,150,10,pumpkin-v1/random/n150_p010/instance_n150_p0.100_0012.fzn,144.82138857782755,0.0004057825144315779,0.007304198860696294
V1,150,10,pumpkin-v1/random/n150_p010/instance_n150_p0.100_0007.fzn,141.34712260216847,0.0010829228041324118,0.014610696929015178
V1,150,10,pumpkin-v1/random/n150_p010/instance_n150_p0.100_0018.fzn,145.2745060969846,0.0012975687298078975,0.009490073519491129
V1,150,10,pumpkin-v1/random/n150_p010/instance_n150_p0.100_0006.fzn,144.40488017429195,0.0009630253649551419,0.008296285181058
V1,150,10,pumpkin-v1/random/n150_p010/instance_n150_p0.100_0017.fzn,144.89295138012528,0.012377738134001235,0.03493438588932741
V1,150,10,pumpkin-v1/random/n150_p010/instance_n150_p0.100_0015.fzn,143.60373955960517,0.0015103094098755543,0.011383942842185567
V1,150,10,pumpkin-v1/random/n150_p010/instance_n150_p0.100_0004.fzn,142.93487930727716,0.0012450357513038687,0.011126607088175129
V1,150,10,pumpkin-v1/random/n150_p010/instance_n150_p0.100_0010.fzn,146.38754148583098,0.005541858597009033,0.014888340566681237
V1,150,10,pumpkin-v1/random/n150_p010/instance_n150_p0.100_0008.fzn,141.94888995368152,0.0008815229495158101,0.009429099493543171
V1,150,10,pumpkin-v1/random/n150_p010/instance_n150_p0.100_0000.fzn,145.65483655770512,0.0008507178094680408,0.00924144007059085
V1,150,10,pumpkin-v1/random/n150_p010/instance_n150_p0.100_0019.fzn,144.5288916674109,0.00140854354559482,0.01383094911204016
V1,150,10,pumpkin-v1/random/n150_p010/instance_n150_p0.100_0002.fzn,145.76557863501483,0.0001412608177701917,0.006778842566704867
V1,150,10,pumpkin-v1/random/n150_p010/instance_n150_p0.100_0001.fzn,142.68349726775955,0.0005702791450973383,0.0061698594196465464
V1,20,15,pumpkin-v1/random/n20_p015/instance_n20_p0.150_0010.fzn,,,
V1,20,15,pumpkin-v1/random/n20_p015/instance_n20_p0.150_0009.fzn,18.0,0.005681818181818182,0.17329545454545456
V1,20,15,pumpkin-v1/random/n20_p015/instance_n20_p0.150_0001.fzn,16.0,0.007936507936507936,0.10317460317460317
V1,20,15,pumpkin-v1/random/n20_p015/instance_n20_p0.150_0012.fzn,,,
V1,20,15,pumpkin-v1/random/n20_p015/instance_n20_p0.150_0018.fzn,,,
V1,20,15,pumpkin-v1/random/n20_p015/instance_n20_p0.150_0006.fzn,,,
V1,20,15,pumpkin-v1/random/n20_p015/instance_n20_p0.150_0016.fzn,,0.0,0.05555555555555555
V1,20,15,pumpkin-v1/random/n20_p015/instance_n20_p0.150_0002.fzn,,,
V1,20,15,pumpkin-v1/random/n20_p015/instance_n20_p0.150_0014.fzn,,,
V1,20,15,pumpkin-v1/random/n20_p015/instance_n20_p0.150_0017.fzn,16.166666666666668,0.06651884700665188,0.164079822616408
V1,20,15,pumpkin-v1/random/n20_p015/instance_n20_p0.150_0013.fzn,,,
V1,20,15,pumpkin-v1/random/n20_p015/instance_n20_p0.150_0008.fzn,,,
V1,20,15,pumpkin-v1/random/n20_p015/instance_n20_p0.150_0015.fzn,,,
V1,20,15,pumpkin-v1/random/n20_p015/instance_n20_p0.150_0004.fzn,,,
V1,20,15,pumpkin-v1/random/n20_p015/instance_n20_p0.150_0019.fzn,,,
V1,20,15,pumpkin-v1/random/n20_p015/instance_n20_p0.150_0000.fzn,,,
V1,20,15,pumpkin-v1/random/n20_p015/instance_n20_p0.150_0005.fzn,,,
V1,20,15,pumpkin-v1/random/n20_p015/instance_n20_p0.150_0011.fzn,,,
V1,20,10,pumpkin-v1/random/n20_p010/instance_n20_p0.100_0014.fzn,,,
V1,20,15,pumpkin-v1/random/n20_p015/instance_n20_p0.150_0007.fzn,,,
V1,20,15,pumpkin-v1/random/n20_p015/instance_n20_p0.150_0003.fzn,,,
V1,20,10,pumpkin-v1/random/n20_p010/instance_n20_p0.100_0015.fzn,,,
V1,20,10,pumpkin-v1/random/n20_p010/instance_n20_p0.100_0003.fzn,,,
V1,20,10,pumpkin-v1/random/n20_p010/instance_n20_p0.100_0002.fzn,,,
V1,20,10,pumpkin-v1/random/n20_p010/instance_n20_p0.100_0001.fzn,,,
V1,20,10,pumpkin-v1/random/n20_p010/instance_n20_p0.100_0010.fzn,,,
V1,20,10,pumpkin-v1/random/n20_p010/instance_n20_p0.100_0011.fzn,,,
V1,20,10,pumpkin-v1/random/n20_p010/instance_n20_p0.100_0000.fzn,,,
V1,20,10,pumpkin-v1/random/n20_p010/instance_n20_p0.100_0008.fzn,,,
V1,20,10,pumpkin-v1/random/n20_p010/instance_n20_p0.100_0005.fzn,,,
V1,20,10,pumpkin-v1/random/n20_p010/instance_n20_p0.100_0016.fzn,,,
V1,20,10,pumpkin-v1/random/n20_p010/instance_n20_p0.100_0007.fzn,,,
V1,20,10,pumpkin-v1/random/n20_p010/instance_n20_p0.100_0013.fzn,,,
V1,20,10,pumpkin-v1/random/n20_p010/instance_n20_p0.100_0004.fzn,,,
V1,20,10,pumpkin-v1/random/n20_p010/instance_n20_p0.100_0012.fzn,,,
V1,20,10,pumpkin-v1/random/n20_p010/instance_n20_p0.100_0019.fzn,,,
V1,20,10,pumpkin-v1/random/n20_p010/instance_n20_p0.100_0006.fzn,,,
V1,20,10,pumpkin-v1/random/n20_p010/instance_n20_p0.100_0018.fzn,,,
V1,20,10,pumpkin-v1/random/n20_p010/instance_n20_p0.100_0009.fzn,,,
V1,100,10,pumpkin-v1/random/n100_p010/instance_n100_p0.100_0006.fzn,92.51011235955056,0.0012511316415409444,0.0053559680385067395
V1,20,10,pumpkin-v1/random/n20_p010/instance_n20_p0.100_0017.fzn,,,
V1,100,10,pumpkin-v1/random/n100_p010/instance_n100_p0.100_0007.fzn,92.36015574302401,0.0015006841210869978,0.028142939919074076
V1,100,10,pumpkin-v1/random/n100_p010/instance_n100_p0.100_0002.fzn,86.37079584775087,0.009857022019700401,0.12246991732380147
V1,100,10,pumpkin-v1/random/n100_p010/instance_n100_p0.100_0000.fzn,92.8845786963434,0.0018850644158577973,0.014504506772446052
V1,100,10,pumpkin-v1/random/n100_p010/instance_n100_p0.100_0001.fzn,88.53065859197578,0.003028633309158272,0.01599986549597214
V1,100,10,pumpkin-v1/random/n100_p010/instance_n100_p0.100_0011.fzn,92.2131565527792,0.001433681798674813,0.0280602453416308
V1,100,10,pumpkin-v1/random/n100_p010/instance_n100_p0.100_0015.fzn,93.46383685084183,0.0016227694135864704,0.018600854907405553
V1,100,10,pumpkin-v1/random/n100_p010/instance_n100_p0.100_0017.fzn,86.32797118847539,0.003411015491661234,0.014454843560101028
V1,100,10,pumpkin-v1/random/n100_p010/instance_n100_p0.100_0012.fzn,95.41176470588235,0.000608155000822798,0.009122325012341968
V1,100,10,pumpkin-v1/random/n100_p010/instance_n100_p0.100_0014.fzn,96.12160339179033,0.010787560522808964,0.027510462208196383
V1,100,10,pumpkin-v1/random/n100_p010/instance_n100_p0.100_0009.fzn,94.47700471698113,0.0013522003552715084,0.024837114072770065
V1,100,10,pumpkin-v1/random/n100_p010/instance_n100_p0.100_0003.fzn,94.18387631143015,0.002625756481747295,0.02788361997720768
V1,100,10,pumpkin-v1/random/n100_p010/instance_n100_p0.100_0013.fzn,92.37653127014829,0.0014074078107050106,0.017393419030041032
V1,100,10,pumpkin-v1/random/n100_p010/instance_n100_p0.100_0010.fzn,89.48852308164204,0.007793444438689525,0.03940946560262637
V1,100,10,pumpkin-v1/random/n100_p010/instance_n100_p0.100_0019.fzn,94.97689906347554,0.004151259632995818,0.025090714310398454
V1,100,10,pumpkin-v1/random/n100_p010/instance_n100_p0.100_0018.fzn,91.81785714285714,0.00043481569249834227,0.009388913131589205
V1,100,10,pumpkin-v1/random/n100_p010/instance_n100_p0.100_0008.fzn,90.96556886227545,0.0020653108169108145,0.017392050408424488
V1,100,10,pumpkin-v1/random/n100_p010/instance_n100_p0.100_0005.fzn,93.51902796882165,0.0014680996288353346,0.014267020464541456
V1,100,10,pumpkin-v1/random/n100_p010/instance_n100_p0.100_0004.fzn,92.08972267536704,0.0012114456914627664,0.011665846519909803
V1,100,10,pumpkin-v1/random/n100_p010/instance_n100_p0.100_0016.fzn,95.43990384615384,0.0012795787233126324,0.021254540812717045
V2,150,15,pumpkin-v2/random/n150_p015/instance_n150_p0.150_0000.fzn,147.2807476635514,0.006819402498833349,0.02329118716596374
V2,150,15,pumpkin-v2/random/n150_p015/instance_n150_p0.150_0014.fzn,147.60487804878048,0.004459812942393406,0.016902339032434512
V2,150,15,pumpkin-v2/random/n150_p015/instance_n150_p0.150_0013.fzn,146.7245088868101,0.006151819558574463,0.021514192945196683
V2,150,15,pumpkin-v2/random/n150_p015/instance_n150_p0.150_0017.fzn,145.64027777777778,0.0061100752308070804,0.02621100881793109
V2,150,15,pumpkin-v2/random/n150_p015/instance_n150_p0.150_0002.fzn,144.96345514950167,0.006989215251044131,0.021624713706106205
V2,150,15,pumpkin-v2/random/n150_p015/instance_n150_p0.150_0009.fzn,148.7352564102564,0.007234701292136606,0.017976179193125455
V2,150,15,pumpkin-v2/random/n150_p015/instance_n150_p0.150_0010.fzn,147.2699530516432,0.010799314849570142,0.03261512740028029
V2,150,15,pumpkin-v2/random/n150_p015/instance_n150_p0.150_0011.fzn,143.96554174067495,0.010672540260597744,0.026133464600002654
V2,150,15,pumpkin-v2/random/n150_p015/instance_n150_p0.150_0006.fzn,147.01541274817137,0.009877550120686425,0.02769229921416054
V2,150,15,pumpkin-v2/random/n150_p015/instance_n150_p0.150_0003.fzn,145.99388586956522,0.007451356261008313,0.021733966417797075
V2,150,15,pumpkin-v2/random/n150_p015/instance_n150_p0.150_0005.fzn,144.69843244588205,0.011768357442992415,0.029129603032040326
V2,150,15,pumpkin-v2/random/n150_p015/instance_n150_p0.150_0015.fzn,147.98994515539306,0.005913363469744317,0.019159761645141084
V2,150,15,pumpkin-v2/random/n150_p015/instance_n150_p0.150_0012.fzn,143.93024414549078,0.009689763012489517,0.031011943671704144
V2,150,15,pumpkin-v2/random/n150_p015/instance_n150_p0.150_0016.fzn,145.2521164021164,0.00857818267810033,0.027210017257832692
V2,150,15,pumpkin-v2/random/n150_p015/instance_n150_p0.150_0008.fzn,146.87426556991775,0.006131691043104739,0.021402641136931536
V2,150,15,pumpkin-v2/random/n150_p015/instance_n150_p0.150_0004.fzn,148.27259368111683,0.005110911755179872,0.02116762382364124
V2,150,15,pumpkin-v2/random/n150_p015/instance_n150_p0.150_0001.fzn,144.68609492089925,0.010023381823782256,0.025228567828290607
V2,150,15,pumpkin-v2/random/n150_p015/instance_n150_p0.150_0007.fzn,145.8540272614622,0.01054803693321851,0.03421103159250122
V2,50,15,pumpkin-v2/random/n50_p015/instance_n50_p0.150_0015.fzn,44.25,0.02861834388927985,0.06732348111658457
V2,150,15,pumpkin-v2/random/n150_p015/instance_n150_p0.150_0018.fzn,145.43503937007873,0.0076162358679227405,0.023092076062617508
V2,150,15,pumpkin-v2/random/n150_p015/instance_n150_p0.150_0019.fzn,147.08730964467006,0.004785046728971963,0.02062001367677228
V2,50,15,pumpkin-v2/random/n50_p015/instance_n50_p0.150_0011.fzn,0.0,0.0,0.05442176870748299
V2,50,15,pumpkin-v2/random/n50_p015/instance_n50_p0.150_0003.fzn,47.94642857142857,0.020887166236003445,0.06416881998277348
V2,50,15,pumpkin-v2/random/n50_p015/instance_n50_p0.150_0006.fzn,,0.0,0.08666666666666667
V2,50,15,pumpkin-v2/random/n50_p015/instance_n50_p0.150_0014.fzn,42.0,0.03816793893129771,0.09923664122137404
V2,50,15,pumpkin-v2/random/n50_p015/instance_n50_p0.150_0009.fzn,49.0,0.01122334455667789,0.08417508417508418
V2,50,15,pumpkin-v2/random/n50_p015/instance_n50_p0.150_0018.fzn,45.9639175257732,0.023003332258411266,0.1054498548855208
V2,50,15,pumpkin-v2/random/n50_p015/instance_n50_p0.150_0004.fzn,47.8,0.010307861462341946,0.08665475536008796
V2,50,15,pumpkin-v2/random/n50_p015/instance_n50_p0.150_0008.fzn,44.72727272727273,0.014054438711972959,0.06546877779754492
V2,50,15,pumpkin-v2/random/n50_p015/instance_n50_p0.150_0019.fzn,45.734375,0.06090846524432209,0.08396421197522368
V2,50,15,pumpkin-v2/random/n50_p015/instance_n50_p0.150_0016.fzn,47.30769230769231,0.014925373134328358,0.1033167495854063
V2,50,15,pumpkin-v2/random/n50_p015/instance_n50_p0.150_0000.fzn,47.23529411764706,0.018378226711560045,0.08389450056116723
V2,50,15,pumpkin-v2/random/n50_p015/instance_n50_p0.150_0012.fzn,35.75,0.06114352392065344,0.10805134189031505
V2,50,15,pumpkin-v2/random/n50_p015/instance_n50_p0.150_0010.fzn,41.75,0.017830045523520487,0.0684117349519474
V2,50,15,pumpkin-v2/random/n50_p015/instance_n50_p0.150_0005.fzn,45.44736842105263,0.010028949545078577,0.0846774193548387
V2,50,15,pumpkin-v2/random/n50_p015/instance_n50_p0.150_0017.fzn,,0.0,0.025925925925925925
V2,50,15,pumpkin-v2/random/n50_p015/instance_n50_p0.150_0007.fzn,46.970588235294116,0.0464367816091954,0.10038314176245211
V2,50,15,pumpkin-v2/random/n50_p015/instance_n50_p0.150_0001.fzn,46.035714285714285,0.013251301467108376,0.07134406057737813
V2,50,15,pumpkin-v2/random/n50_p015/instance_n50_p0.150_0013.fzn,44.98360655737705,0.030210940293171253,0.07499106185198427
V2,150,5,pumpkin-v2/random/n150_p005/instance_n150_p0.050_0000.fzn,,,
V2,150,5,pumpkin-v2/random/n150_p005/instance_n150_p0.050_0013.fzn,,,
V2,150,5,pumpkin-v2/random/n150_p005/instance_n150_p0.050_0008.fzn,146.55149501661128,0.01298202127325782,0.04518214050390637
V2,150,5,pumpkin-v2/random/n150_p005/instance_n150_p0.050_0003.fzn,145.10927152317882,0.018335885390983884,0.04659884249046223
V2,50,15,pumpkin-v2/random/n50_p015/instance_n50_p0.150_0002.fzn,45.86666666666667,0.040998217468805706,0.09536541889483066
V2,150,5,pumpkin-v2/random/n150_p005/instance_n150_p0.050_0019.fzn,146.23986486486487,0.03211819758499951,0.054304787460322655
V2,150,5,pumpkin-v2/random/n150_p005/instance_n150_p0.050_0014.fzn,146.75,0.009716518080737254,0.03485926074326355
V2,150,5,pumpkin-v2/random/n150_p005/instance_n150_p0.050_0002.fzn,146.02325581395348,0.00724613371800463,0.03284243013854876
V2,150,5,pumpkin-v2/random/n150_p005/instance_n150_p0.050_0010.fzn,139.39449541284404,0.02522674034476545,0.04600876929545318
V2,150,5,pumpkin-v2/random/n150_p005/instance_n150_p0.050_0017.fzn,146.20991253644314,0.013399833748960931,0.05346633416458853
V2,150,5,pumpkin-v2/random/n150_p005/instance_n150_p0.050_0007.fzn,144.62874251497007,0.031256499390914225,0.046498499569183234
V2,150,5,pumpkin-v2/random/n150_p005/instance_n150_p0.050_0012.fzn,145.52631578947367,0.01911320900719647,0.03656271763522402
V2,150,5,pumpkin-v2/random/n150_p005/instance_n150_p0.050_0015.fzn,143.45652173913044,0.012229125957801831,0.03622631567391925
V2,150,5,pumpkin-v2/random/n150_p005/instance_n150_p0.050_0011.fzn,144.1081081081081,0.007766990291262136,0.03596856218215441
V2,150,5,pumpkin-v2/random/n150_p005/instance_n150_p0.050_0006.fzn,,0.007856720452817437,0.03548196333530455
V2,150,5,pumpkin-v2/random/n150_p005/instance_n150_p0.050_0018.fzn,140.89743589743588,0.05024195666037288,0.09041801608042714
V2,150,5,pumpkin-v2/random/n150_p005/instance_n150_p0.050_0001.fzn,146.44642857142858,0.022284364470073297,0.05764754924097683
V2,150,5,pumpkin-v2/random/n150_p005/instance_n150_p0.050_0004.fzn,147.7978436657682,0.005168343893651385,0.0370977761212573
V2,150,5,pumpkin-v2/random/n150_p005/instance_n150_p0.050_0009.fzn,143.08823529411765,0.011195363055301917,0.03652387947119774
V2,150,5,pumpkin-v2/random/n150_p005/instance_n150_p0.050_0005.fzn,139.57692307692307,0.024102193299590263,0.06728528962802281
V2,20,5,pumpkin-v2/random/n20_p005/instance_n20_p0.050_0001.fzn,,,
V2,150,5,pumpkin-v2/random/n150_p005/instance_n150_p0.050_0016.fzn,146.49524714828897,0.012937546125918185,0.052825011268345115
V2,20,5,pumpkin-v2/random/n20_p005/instance_n20_p0.050_0003.fzn,,,
V2,20,5,pumpkin-v2/random/n20_p005/instance_n20_p0.050_0019.fzn,,,
V2,20,5,pumpkin-v2/random/n20_p005/instance_n20_p0.050_0014.fzn,,,
V2,20,5,pumpkin-v2/random/n20_p005/instance_n20_p0.050_0010.fzn,,,
V2,20,5,pumpkin-v2/random/n20_p005/instance_n20_p0.050_0012.fzn,,,
V2,20,5,pumpkin-v2/random/n20_p005/instance_n20_p0.050_0005.fzn,,,
V2,20,5,pumpkin-v2/random/n20_p005/instance_n20_p0.050_0000.fzn,,,
V2,20,5,pumpkin-v2/random/n20_p005/instance_n20_p0.050_0013.fzn,,,
V2,20,5,pumpkin-v2/random/n20_p005/instance_n20_p0.050_0007.fzn,,,
V2,20,5,pumpkin-v2/random/n20_p005/instance_n20_p0.050_0008.fzn,,,
V2,20,5,pumpkin-v2/random/n20_p005/instance_n20_p0.050_0011.fzn,,,
V2,20,5,pumpkin-v2/random/n20_p005/instance_n20_p0.050_0018.fzn,,,
V2,20,5,pumpkin-v2/random/n20_p005/instance_n20_p0.050_0009.fzn,,,
V2,20,5,pumpkin-v2/random/n20_p005/instance_n20_p0.050_0017.fzn,,,
V2,20,5,pumpkin-v2/random/n20_p005/instance_n20_p0.050_0002.fzn,,,
V2,20,5,pumpkin-v2/random/n20_p005/instance_n20_p0.050_0015.fzn,,,
V2,20,5,pumpkin-v2/random/n20_p005/instance_n20_p0.050_0004.fzn,,,
V2,20,5,pumpkin-v2/random/n20_p005/instance_n20_p0.050_0016.fzn,,,
V2,20,5,pumpkin-v2/random/n20_p005/instance_n20_p0.050_0006.fzn,,,
V2,100,5,pumpkin-v2/random/n100_p005/instance_n100_p0.050_0007.fzn,5.0,,
V2,100,5,pumpkin-v2/random/n100_p005/instance_n100_p0.050_0018.fzn,,,
V2,100,5,pumpkin-v2/random/n100_p005/instance_n100_p0.050_0017.fzn,,0.0,0.05963302752293578
V2,100,5,pumpkin-v2/random/n100_p005/instance_n100_p0.050_0019.fzn,,,
V2,100,5,pumpkin-v2/random/n100_p005/instance_n100_p0.050_0012.fzn,,,
V2,100,5,pumpkin-v2/random/n100_p005/instance_n100_p0.050_0005.fzn,81.0,0.006841756786581329,0.07305230633414257
V2,100,5,pumpkin-v2/random/n100_p005/instance_n100_p0.050_0006.fzn,96.675,0.045940170940170943,0.07634779750164365
V2,100,5,pumpkin-v2/random/n100_p005/instance_n100_p0.050_0011.fzn,3.0,,
V2,100,5,pumpkin-v2/random/n100_p005/instance_n100_p0.050_0000.fzn,,0.02756892230576441,0.07769423558897243
V2,100,5,pumpkin-v2/random/n100_p005/instance_n100_p0.050_0013.fzn,,,
V2,100,5,pumpkin-v2/random/n100_p005/instance_n100_p0.050_0004.fzn,,,
V2,100,5,pumpkin-v2/random/n100_p005/instance_n100_p0.050_0015.fzn,,,
V2,100,5,pumpkin-v2/random/n100_p005/instance_n100_p0.050_0001.fzn,4.0,,
V2,100,5,pumpkin-v2/random/n100_p005/instance_n100_p0.050_0003.fzn,2.0,,
V2,100,5,pumpkin-v2/random/n100_p005/instance_n100_p0.050_0009.fzn,4.0,,
V2,100,5,pumpkin-v2/random/n100_p005/instance_n100_p0.050_0002.fzn,2.0,,
V2,100,5,pumpkin-v2/random/n100_p005/instance_n100_p0.050_0014.fzn,3.0,,
V2,100,5,pumpkin-v2/random/n100_p005/instance_n100_p0.050_0016.fzn,,,
V2,100,5,pumpkin-v2/random/n100_p005/instance_n100_p0.050_0010.fzn,,,
V2,100,15,pumpkin-v2/random/n100_p015/instance_n100_p0.150_0018.fzn,98.64971751412429,0.011447461887328562,0.029096770668269493
V2,100,15,pumpkin-v2/random/n100_p015/instance_n100_p0.150_0010.fzn,96.26694915254237,0.01178954864425136,0.030517325790132187
V2,100,15,pumpkin-v2/random/n100_p015/instance_n100_p0.150_0006.fzn,96.84285714285714,0.011914621399482518,0.04014759051628122
V2,100,15,pumpkin-v2/random/n100_p015/instance_n100_p0.150_0012.fzn,96.1951219512195,0.009445077170796843,0.024623964183324826
V2,100,15,pumpkin-v2/random/n100_p015/instance_n100_p0.150_0004.fzn,94.85199004975124,0.012331286214912737,0.03425627146872073
V2,100,5,pumpkin-v2/random/n100_p005/instance_n100_p0.050_0008.fzn,1.0,,
V2,100,15,pumpkin-v2/random/n100_p015/instance_n100_p0.150_0013.fzn,95.58201058201058,0.012577346353002264,0.039501329371661544
V2,100,15,pumpkin-v2/random/n100_p015/instance_n100_p0.150_0001.fzn,98.33333333333333,0.013357962455754024,0.04013758337352248
V2,100,15,pumpkin-v2/random/n100_p015/instance_n100_p0.150_0007.fzn,97.5521978021978,0.010220959990013108,0.03585918481992385
V2,100,15,pumpkin-v2/random/n100_p015/instance_n100_p0.150_0011.fzn,94.75190839694656,0.008045971879283631,0.03881891205243723
V2,100,15,pumpkin-v2/random/n100_p015/instance_n100_p0.150_0019.fzn,96.51121076233184,0.01094963567939787,0.030586916486508128
V2,100,15,pumpkin-v2/random/n100_p015/instance_n100_p0.150_0002.fzn,90.82506527415144,0.007721040132701648,0.03799658698998771
V2,100,15,pumpkin-v2/random/n100_p015/instance_n100_p0.150_0003.fzn,96.93272171253822,0.013715934344418887,0.04066825217357402
V2,100,15,pumpkin-v2/random/n100_p015/instance_n100_p0.150_0017.fzn,98.02576112412179,0.01265660733093973,0.03311666773350713
V2,100,15,pumpkin-v2/random/n100_p015/instance_n100_p0.150_0016.fzn,97.97131147540983,0.007411281092874625,0.0372150043078875
V2,100,15,pumpkin-v2/random/n100_p015/instance_n100_p0.150_0009.fzn,97.67711598746081,0.019448979180522803,0.036040066912550135
V2,100,15,pumpkin-v2/random/n100_p015/instance_n100_p0.150_0000.fzn,95.46153846153847,0.00698075912627918,0.03629244126404284
V2,100,15,pumpkin-v2/random/n100_p015/instance_n100_p0.150_0008.fzn,96.18975332068311,0.015839818857282317,0.034398134338476556
V2,100,15,pumpkin-v2/random/n100_p015/instance_n100_p0.150_0015.fzn,,,
V2,100,15,pumpkin-v2/random/n100_p015/instance_n100_p0.150_0014.fzn,93.85310734463278,0.008519206225609222,0.03603960578513539
V2,50,5,pumpkin-v2/random/n50_p005/instance_n50_p0.050_0008.fzn,,,
V2,100,15,pumpkin-v2/random/n100_p015/instance_n100_p0.150_0005.fzn,97.50704225352112,0.013324778417738518,0.04098525769196335
V2,50,5,pumpkin-v2/random/n50_p005/instance_n50_p0.050_0006.fzn,,,
V2,50,5,pumpkin-v2/random/n50_p005/instance_n50_p0.050_0014.fzn,,,
V2,50,5,pumpkin-v2/random/n50_p005/instance_n50_p0.050_0017.fzn,,,
V2,50,5,pumpkin-v2/random/n50_p005/instance_n50_p0.050_0003.fzn,,,
V2,50,5,pumpkin-v2/random/n50_p005/instance_n50_p0.050_0001.fzn,,,
V2,50,5,pumpkin-v2/random/n50_p005/instance_n50_p0.050_0012.fzn,,,
V2,50,5,pumpkin-v2/random/n50_p005/instance_n50_p0.050_0002.fzn,,,
V2,50,5,pumpkin-v2/random/n50_p005/instance_n50_p0.050_0019.fzn,,,
V2,50,5,pumpkin-v2/random/n50_p005/instance_n50_p0.050_0010.fzn,,,
V2,50,5,pumpkin-v2/random/n50_p005/instance_n50_p0.050_0000.fzn,,,
V2,50,5,pumpkin-v2/random/n50_p005/instance_n50_p0.050_0013.fzn,,,
V2,50,5,pumpkin-v2/random/n50_p005/instance_n50_p0.050_0009.fzn,,,
V2,50,5,pumpkin-v2/random/n50_p005/instance_n50_p0.050_0011.fzn,,,
V2,50,5,pumpkin-v2/random/n50_p005/instance_n50_p0.050_0005.fzn,,,
V2,50,5,pumpkin-v2/random/n50_p005/instance_n50_p0.050_0015.fzn,,,
V2,50,5,pumpkin-v2/random/n50_p005/instance_n50_p0.050_0004.fzn,,,
V2,50,5,pumpkin-v2/random/n50_p005/instance_n50_p0.050_0016.fzn,,,
V2,50,5,pumpkin-v2/random/n50_p005/instance_n50_p0.050_0007.fzn,,,
V2,50,5,pumpkin-v2/random/n50_p005/instance_n50_p0.050_0018.fzn,,,
V2,50,10,pumpkin-v2/random/n50_p010/instance_n50_p0.100_0010.fzn,38.5,0.0196078431372549,0.15294117647058825
V2,50,10,pumpkin-v2/random/n50_p010/instance_n50_p0.100_0011.fzn,,0.03686635944700461,0.08294930875576037
V2,50,10,pumpkin-v2/random/n50_p010/instance_n50_p0.100_0004.fzn,,0.0,0.15
V2,50,10,pumpkin-v2/random/n50_p010/instance_n50_p0.100_0012.fzn,49.0,0.0,0.1836734693877551
V2,50,10,pumpkin-v2/random/n50_p010/instance_n50_p0.100_0003.fzn,,,
V2,50,10,pumpkin-v2/random/n50_p010/instance_n50_p0.100_0018.fzn,44.333333333333336,0.07781282860147214,0.13459516298633017
V2,50,10,pumpkin-v2/random/n50_p010/instance_n50_p0.100_0007.fzn,49.0,0.009433962264150943,0.0977088948787062
V2,50,10,pumpkin-v2/random/n50_p010/instance_n50_p0.100_0019.fzn,44.0,0.00906344410876133,0.19486404833836857
V2,50,10,pumpkin-v2/random/n50_p010/instance_n50_p0.100_0017.fzn,1.0,,
V2,50,10,pumpkin-v2/random/n50_p010/instance_n50_p0.100_0014.fzn,46.4,0.026244343891402715,0.10497737556561086
V2,50,10,pumpkin-v2/random/n50_p010/instance_n50_p0.100_0000.fzn,,0.05102040816326531,0.12755102040816327
V2,50,10,pumpkin-v2/random/n50_p010/instance_n50_p0.100_0001.fzn,,,
V2,50,10,pumpkin-v2/random/n50_p010/instance_n50_p0.100_0002.fzn,45.0,0.0,0.13297872340425532
V2,50,10,pumpkin-v2/random/n50_p010/instance_n50_p0.100_0005.fzn,5.0,0.06394316163410302,0.0994671403197158
V2,50,10,pumpkin-v2/random/n50_p010/instance_n50_p0.100_0013.fzn,45.6764705882353,0.03237268061587051,0.12356889064350572
V2,50,10,pumpkin-v2/random/n50_p010/instance_n50_p0.100_0006.fzn,33.666666666666664,0.023376623376623377,0.23116883116883116
V2,50,10,pumpkin-v2/random/n50_p010/instance_n50_p0.100_0016.fzn,41.0,0.03988900450919181,0.11203607353451266
V2,50,10,pumpkin-v2/random/n50_p010/instance_n50_p0.100_0008.fzn,,,
V2,50,10,pumpkin-v2/random/n50_p010/instance_n50_p0.100_0009.fzn,2.0,,
V2,150,10,pumpkin-v2/random/n150_p010/instance_n150_p0.100_0006.fzn,147.97267206477733,0.007188154168205886,0.023599030571694036
V2,150,10,pumpkin-v2/random/n150_p010/instance_n150_p0.100_0009.fzn,142.0,0.0064230815800550055,0.0197016784192531
V2,50,10,pumpkin-v2/random/n50_p010/instance_n50_p0.100_0015.fzn,44.666666666666664,0.024922118380062305,0.19314641744548286
V2,150,10,pumpkin-v2/random/n150_p010/instance_n150_p0.100_0001.fzn,146.0268817204301,0.00806839317373476,0.026909146281773783
V2,150,10,pumpkin-v2/random/n150_p010/instance_n150_p0.100_0013.fzn,145.7827868852459,0.008239521478120217,0.029198374530940725
V2,150,10,pumpkin-v2/random/n150_p010/instance_n150_p0.100_0000.fzn,147.0276008492569,0.007238502348460743,0.026158270444216303
V2,150,10,pumpkin-v2/random/n150_p010/instance_n150_p0.100_0014.fzn,145.3372093023256,0.005826185062051748,0.02806775285367995
V2,150,10,pumpkin-v2/random/n150_p010/instance_n150_p0.100_0018.fzn,145.5876811594203,0.011729397146063813,0.028178611511944847
V2,150,10,pumpkin-v2/random/n150_p010/instance_n150_p0.100_0005.fzn,146.1810282404055,0.010235422055019986,0.02719893800454581
V2,150,10,pumpkin-v2/random/n150_p010/instance_n150_p0.100_0015.fzn,145.67963224893919,0.010211976699768751,0.027524831973648186
V2,150,10,pumpkin-v2/random/n150_p010/instance_n150_p0.100_0010.fzn,145.70654627539503,0.010769934372961148,0.02710953191162737
V2,150,10,pumpkin-v2/random/n150_p010/instance_n150_p0.100_0011.fzn,144.42239467849225,0.013491263508330891,0.03736551906928554
V2,150,10,pumpkin-v2/random/n150_p010/instance_n150_p0.100_0017.fzn,142.2951135051943,0.014435473567008804,0.03230002616224241
V2,150,10,pumpkin-v2/random/n150_p010/instance_n150_p0.100_0002.fzn,148.80689655172415,0.0021737337273225713,0.0173850177343678
V2,150,10,pumpkin-v2/random/n150_p010/instance_n150_p0.100_0016.fzn,146.97783375314862,0.01080636148979506,0.032111464260179405
V2,150,10,pumpkin-v2/random/n150_p010/instance_n150_p0.100_0007.fzn,145.30959752321982,0.00906101571063208,0.030142491779320425
V2,150,10,pumpkin-v2/random/n150_p010/instance_n150_p0.100_0019.fzn,146.99445983379502,0.0053947372083765965,0.02256714888973636
V2,150,10,pumpkin-v2/random/n150_p010/instance_n150_p0.100_0012.fzn,145.00508905852416,0.006535347432024169,0.02407009063444109
V2,150,10,pumpkin-v2/random/n150_p010/instance_n150_p0.100_0004.fzn,147.96199213630408,0.0089106338658162,0.03240861016447055
V2,150,10,pumpkin-v2/random/n150_p010/instance_n150_p0.100_0008.fzn,147.626582278481,0.00572823326333381,0.020274207557749606
V2,20,15,pumpkin-v2/random/n20_p015/instance_n20_p0.150_0010.fzn,,,
V2,20,15,pumpkin-v2/random/n20_p015/instance_n20_p0.150_0000.fzn,3.0,,
V2,150,10,pumpkin-v2/random/n150_p010/instance_n150_p0.100_0003.fzn,144.6615168539326,0.009965879974088713,0.022963485540294936
V2,20,15,pumpkin-v2/random/n20_p015/instance_n20_p0.150_0019.fzn,,,
V2,20,15,pumpkin-v2/random/n20_p015/instance_n20_p0.150_0003.fzn,,,
V2,20,15,pumpkin-v2/random/n20_p015/instance_n20_p0.150_0009.fzn,,0.0,0.5
V2,20,15,pumpkin-v2/random/n20_p015/instance_n20_p0.150_0015.fzn,5.0,,
V2,20,15,pumpkin-v2/random/n20_p015/instance_n20_p0.150_0001.fzn,,0.0,0.75
V2,20,15,pumpkin-v2/random/n20_p015/instance_n20_p0.150_0016.fzn,,1.0,0.0
V2,20,15,pumpkin-v2/random/n20_p015/instance_n20_p0.150_0005.fzn,2.0,,
V2,20,15,pumpkin-v2/random/n20_p015/instance_n20_p0.150_0008.fzn,,,
V2,20,15,pumpkin-v2/random/n20_p015/instance_n20_p0.150_0006.fzn,,,
V2,20,15,pumpkin-v2/random/n20_p015/instance_n20_p0.150_0002.fzn,,,
V2,20,15,pumpkin-v2/random/n20_p015/instance_n20_p0.150_0014.fzn,,,
V2,20,15,pumpkin-v2/random/n20_p015/instance_n20_p0.150_0012.fzn,2.0,,
V2,20,15,pumpkin-v2/random/n20_p015/instance_n20_p0.150_0011.fzn,,,
V2,20,15,pumpkin-v2/random/n20_p015/instance_n20_p0.150_0007.fzn,,,
V2,20,15,pumpkin-v2/random/n20_p015/instance_n20_p0.150_0004.fzn,,,
V2,20,15,pumpkin-v2/random/n20_p015/instance_n20_p0.150_0013.fzn,,,
V2,20,15,pumpkin-v2/random/n20_p015/instance_n20_p0.150_0017.fzn,19.0,0.2112676056338028,0.2535211267605634
V2,20,10,pumpkin-v2/random/n20_p010/instance_n20_p0.100_0006.fzn,,,
V2,20,10,pumpkin-v2/random/n20_p010/instance_n20_p0.100_0010.fzn,,,
V2,20,10,pumpkin-v2/random/n20_p010/instance_n20_p0.100_0015.fzn,,,
V2,20,15,pumpkin-v2/random/n20_p015/instance_n20_p0.150_0018.fzn,,,
V2,20,10,pumpkin-v2/random/n20_p010/instance_n20_p0.100_0014.fzn,,,
V2,20,10,pumpkin-v2/random/n20_p010/instance_n20_p0.100_0012.fzn,,,
V2,20,10,pumpkin-v2/random/n20_p010/instance_n20_p0.100_0008.fzn,,,
V2,20,10,pumpkin-v2/random/n20_p010/instance_n20_p0.100_0007.fzn,,,
V2,20,10,pumpkin-v2/random/n20_p010/instance_n20_p0.100_0000.fzn,,,
V2,20,10,pumpkin-v2/random/n20_p010/instance_n20_p0.100_0001.fzn,,,
V2,20,10,pumpkin-v2/random/n20_p010/instance_n20_p0.100_0019.fzn,,,
V2,20,10,pumpkin-v2/random/n20_p010/instance_n20_p0.100_0017.fzn,,,
V2,20,10,pumpkin-v2/random/n20_p010/instance_n20_p0.100_0004.fzn,,,
V2,20,10,pumpkin-v2/random/n20_p010/instance_n20_p0.100_0003.fzn,,,
V2,20,10,pumpkin-v2/random/n20_p010/instance_n20_p0.100_0002.fzn,,,
V2,20,10,pumpkin-v2/random/n20_p010/instance_n20_p0.100_0011.fzn,10.0,,
V2,20,10,pumpkin-v2/random/n20_p010/instance_n20_p0.100_0005.fzn,,,
V2,20,10,pumpkin-v2/random/n20_p010/instance_n20_p0.100_0018.fzn,,,
V2,20,10,pumpkin-v2/random/n20_p010/instance_n20_p0.100_0016.fzn,,,
V2,20,10,pumpkin-v2/random/n20_p010/instance_n20_p0.100_0013.fzn,,,
V2,100,10,pumpkin-v2/random/n100_p010/instance_n100_p0.100_0015.fzn,96.5166908563135,0.012641945255121094,0.04756174589782247
V2,100,10,pumpkin-v2/random/n100_p010/instance_n100_p0.100_0013.fzn,96.8,0.008492569002123142,0.046378250199906254
V2,100,10,pumpkin-v2/random/n100_p010/instance_n100_p0.100_0016.fzn,97.53125,0.011855622109804165,0.03610999037894541
V2,100,10,pumpkin-v2/random/n100_p010/instance_n100_p0.100_0019.fzn,98.87915407854985,0.019985055817636366,0.046382727201757616
V2,100,10,pumpkin-v2/random/n100_p010/instance_n100_p0.100_0009.fzn,97.96621621621621,0.009779383565791333,0.03959186968895707
V2,100,10,pumpkin-v2/random/n100_p010/instance_n100_p0.100_0014.fzn,85.33333333333333,0.01586382584529875,0.04730199166280685
V2,100,10,pumpkin-v2/random/n100_p010/instance_n100_p0.100_0003.fzn,92.13245033112582,0.015246987167286096,0.042465163339110226
V2,100,10,pumpkin-v2/random/n100_p010/instance_n100_p0.100_0017.fzn,95.94485294117646,0.014024238743339867,0.04882257129448141
V2,100,10,pumpkin-v2/random/n100_p010/instance_n100_p0.100_0010.fzn,95.49698795180723,0.022441182937554968,0.06460944371152155
V2,100,10,pumpkin-v2/random/n100_p010/instance_n100_p0.100_0004.fzn,97.38078291814946,0.004633863035365643,0.04233497269110051
V2,100,10,pumpkin-v2/random/n100_p010/instance_n100_p0.100_0011.fzn,97.19806763285024,0.009357869635850617,0.03497088134981332
V2,100,10,pumpkin-v2/random/n100_p010/instance_n100_p0.100_0000.fzn,96.10731707317073,0.01574833174451859,0.0384976167778837
V2,100,10,pumpkin-v2/random/n100_p010/instance_n100_p0.100_0005.fzn,92.26405867970661,0.016159695817490494,0.052494980134147905
V2,100,10,pumpkin-v2/random/n100_p010/instance_n100_p0.100_0012.fzn,99.0,0.030449124587668106,0.043897487947221515
V2,100,10,pumpkin-v2/random/n100_p010/instance_n100_p0.100_0018.fzn,99.0,0.006270033177754035,0.03427430692234156
V2,100,10,pumpkin-v2/random/n100_p010/instance_n100_p0.100_0008.fzn,96.30923694779116,0.017895109851169384,0.05947687810063784
V2,100,10,pumpkin-v2/random/n100_p010/instance_n100_p0.100_0006.fzn,95.8,0.016333938294010888,0.03653181898015339
V2,100,10,pumpkin-v2/random/n100_p010/instance_n100_p0.100_0001.fzn,94.73023255813953,0.012152615327032844,0.04097267708430804
V2,100,10,pumpkin-v2/random/n100_p010/instance_n100_p0.100_0007.fzn,91.14754098360656,0.018738351254480288,0.047612903225806455
V2,20,10,pumpkin-v2/random/n20_p010/instance_n20_p0.100_0009.fzn,,,
V2,100,10,pumpkin-v2/random/n100_p010/instance_n100_p0.100_0002.fzn,95.70614035087719,0.019522923363221114,0.06256132634072069
V3,20,15,pumpkin-v3/random/n20_p015/instance_n20_p0.150_0011.fzn,,,
V3,20,15,pumpkin-v3/random/n20_p015/instance_n20_p0.150_0004.fzn,,,
V3,20,15,pumpkin-v3/random/n20_p015/instance_n20_p0.150_0002.fzn,,,
V3,20,15,pumpkin-v3/random/n20_p015/instance_n20_p0.150_0007.fzn,,,
V3,20,15,pumpkin-v3/random/n20_p015/instance_n20_p0.150_0014.fzn,,,
V3,20,15,pumpkin-v3/random/n20_p015/instance_n20_p0.150_0008.fzn,,,
V3,20,15,pumpkin-v3/random/n20_p015/instance_n20_p0.150_0016.fzn,18.0,0.5,
V3,20,15,pumpkin-v3/random/n20_p015/instance_n20_p0.150_0019.fzn,,,
V3,20,15,pumpkin-v3/random/n20_p015/instance_n20_p0.150_0009.fzn,,0.0,
V3,20,15,pumpkin-v3/random/n20_p015/instance_n20_p0.150_0012.fzn,2.0,0.0,
V3,20,15,pumpkin-v3/random/n20_p015/instance_n20_p0.150_0015.fzn,5.0,0.0,
V3,20,15,pumpkin-v3/random/n20_p015/instance_n20_p0.150_0005.fzn,2.0,0.0,
V3,20,15,pumpkin-v3/random/n20_p015/instance_n20_p0.150_0000.fzn,3.0,0.0,
V3,20,15,pumpkin-v3/random/n20_p015/instance_n20_p0.150_0001.fzn,,0.0,
V3,20,15,pumpkin-v3/random/n20_p015/instance_n20_p0.150_0003.fzn,,,
V3,20,15,pumpkin-v3/random/n20_p015/instance_n20_p0.150_0013.fzn,,,
V3,20,15,pumpkin-v3/random/n20_p015/instance_n20_p0.150_0018.fzn,,,
V3,20,15,pumpkin-v3/random/n20_p015/instance_n20_p0.150_0017.fzn,19.25,0.014184397163120567,
V3,20,10,pumpkin-v3/random/n20_p010/instance_n20_p0.100_0017.fzn,,,
V3,20,10,pumpkin-v3/random/n20_p010/instance_n20_p0.100_0001.fzn,,,
V3,20,15,pumpkin-v3/random/n20_p015/instance_n20_p0.150_0010.fzn,,,
V3,20,15,pumpkin-v3/random/n20_p015/instance_n20_p0.150_0006.fzn,,,
V3,20,10,pumpkin-v3/random/n20_p010/instance_n20_p0.100_0012.fzn,,,
V3,20,10,pumpkin-v3/random/n20_p010/instance_n20_p0.100_0005.fzn,,,
V3,20,10,pumpkin-v3/random/n20_p010/instance_n20_p0.100_0011.fzn,10.0,0.0,
V3,20,10,pumpkin-v3/random/n20_p010/instance_n20_p0.100_0018.fzn,,,
V3,20,10,pumpkin-v3/random/n20_p010/instance_n20_p0.100_0009.fzn,,,
V3,20,10,pumpkin-v3/random/n20_p010/instance_n20_p0.100_0006.fzn,,,
V3,20,10,pumpkin-v3/random/n20_p010/instance_n20_p0.100_0007.fzn,,,
V3,20,10,pumpkin-v3/random/n20_p010/instance_n20_p0.100_0013.fzn,,,
V3,20,10,pumpkin-v3/random/n20_p010/instance_n20_p0.100_0014.fzn,,,
V3,20,10,pumpkin-v3/random/n20_p010/instance_n20_p0.100_0000.fzn,,,
V3,20,10,pumpkin-v3/random/n20_p010/instance_n20_p0.100_0002.fzn,,,
V3,20,10,pumpkin-v3/random/n20_p010/instance_n20_p0.100_0016.fzn,,,
V3,20,10,pumpkin-v3/random/n20_p010/instance_n20_p0.100_0008.fzn,,,
V3,20,10,pumpkin-v3/random/n20_p010/instance_n20_p0.100_0010.fzn,,,
V3,20,10,pumpkin-v3/random/n20_p010/instance_n20_p0.100_0004.fzn,,,
V3,20,10,pumpkin-v3/random/n20_p010/instance_n20_p0.100_0003.fzn,,,
V3,20,10,pumpkin-v3/random/n20_p010/instance_n20_p0.100_0015.fzn,,,
V3,20,10,pumpkin-v3/random/n20_p010/instance_n20_p0.100_0019.fzn,,,
V3,20,5,pumpkin-v3/random/n20_p005/instance_n20_p0.050_0000.fzn,,,
V3,20,5,pumpkin-v3/random/n20_p005/instance_n20_p0.050_0002.fzn,,,
V3,20,5,pumpkin-v3/random/n20_p005/instance_n20_p0.050_0010.fzn,,,
V3,20,5,pumpkin-v3/random/n20_p005/instance_n20_p0.050_0018.fzn,,,
V3,20,5,pumpkin-v3/random/n20_p005/instance_n20_p0.050_0013.fzn,,,
V3,20,5,pumpkin-v3/random/n20_p005/instance_n20_p0.050_0008.fzn,,,
V3,20,5,pumpkin-v3/random/n20_p005/instance_n20_p0.050_0019.fzn,,,
V3,20,5,pumpkin-v3/random/n20_p005/instance_n20_p0.050_0017.fzn,,,
V3,20,5,pumpkin-v3/random/n20_p005/instance_n20_p0.050_0015.fzn,,,
V3,20,5,pumpkin-v3/random/n20_p005/instance_n20_p0.050_0014.fzn,,,
V3,20,5,pumpkin-v3/random/n20_p005/instance_n20_p0.050_0004.fzn,,,
V3,20,5,pumpkin-v3/random/n20_p005/instance_n20_p0.050_0016.fzn,,,
V3,20,5,pumpkin-v3/random/n20_p005/instance_n20_p0.050_0001.fzn,,,
V3,20,5,pumpkin-v3/random/n20_p005/instance_n20_p0.050_0011.fzn,,,
V3,20,5,pumpkin-v3/random/n20_p005/instance_n20_p0.050_0003.fzn,,,
V3,20,5,pumpkin-v3/random/n20_p005/instance_n20_p0.050_0009.fzn,,,
V3,20,5,pumpkin-v3/random/n20_p005/instance_n20_p0.050_0007.fzn,,,
V3,20,5,pumpkin-v3/random/n20_p005/instance_n20_p0.050_0012.fzn,,,
V3,20,5,pumpkin-v3/random/n20_p005/instance_n20_p0.050_0005.fzn,,,
V3,50,10,pumpkin-v3/random/n50_p010/instance_n50_p0.100_0010.fzn,43.333333333333336,0.009505703422053232,
V3,50,10,pumpkin-v3/random/n50_p010/instance_n50_p0.100_0011.fzn,45.0,0.004694835680751174,
V3,20,5,pumpkin-v3/random/n20_p005/instance_n20_p0.050_0006.fzn,,,
V3,50,10,pumpkin-v3/random/n50_p010/instance_n50_p0.100_0018.fzn,44.770833333333336,0.024789029535864978,
V3,50,10,pumpkin-v3/random/n50_p010/instance_n50_p0.100_0003.fzn,,,
V3,50,10,pumpkin-v3/random/n50_p010/instance_n50_p0.100_0007.fzn,50.0,0.0010145417653026716,
V3,50,10,pumpkin-v3/random/n50_p010/instance_n50_p0.100_0012.fzn,49.0,0.0,
V3,50,10,pumpkin-v3/random/n50_p010/instance_n50_p0.100_0004.fzn,,0.0,
V3,50,10,pumpkin-v3/random/n50_p010/instance_n50_p0.100_0019.fzn,45.06666666666667,0.004428044280442804,
V3,50,10,pumpkin-v3/random/n50_p010/instance_n50_p0.100_0002.fzn,45.0,0.0,
V3,50,10,pumpkin-v3/random/n50_p010/instance_n50_p0.100_0017.fzn,1.0,0.0,
V3,50,10,pumpkin-v3/random/n50_p010/instance_n50_p0.100_0000.fzn,48.8235294117647,0.0136327185244587,
V3,50,10,pumpkin-v3/random/n50_p010/instance_n50_p0.100_0001.fzn,,,
V3,50,10,pumpkin-v3/random/n50_p010/instance_n50_p0.100_0014.fzn,47.57575757575758,0.004910714285714286,
V3,50,10,pumpkin-v3/random/n50_p010/instance_n50_p0.100_0005.fzn,33.32,0.019704433497536946,
V3,50,10,pumpkin-v3/random/n50_p010/instance_n50_p0.100_0006.fzn,35.0,0.00938337801608579,
V3,50,10,pumpkin-v3/random/n50_p010/instance_n50_p0.100_0015.fzn,44.46153846153846,0.005943536404160475,
V3,50,10,pumpkin-v3/random/n50_p010/instance_n50_p0.100_0008.fzn,,,
V3,50,10,pumpkin-v3/random/n50_p010/instance_n50_p0.100_0013.fzn,45.1,0.0025646084040244622,
V3,50,10,pumpkin-v3/random/n50_p010/instance_n50_p0.100_0009.fzn,2.0,0.0,
V3,100,15,pumpkin-v3/random/n100_p015/instance_n100_p0.150_0019.fzn,97.31683168316832,0.0038925613252628224,
V3,100,15,pumpkin-v3/random/n100_p015/instance_n100_p0.150_0003.fzn,96.2739852398524,0.004198709449306108,
V3,50,10,pumpkin-v3/random/n50_p010/instance_n50_p0.100_0016.fzn,45.63809523809524,0.01410105757931845,
V3,100,15,pumpkin-v3/random/n100_p015/instance_n100_p0.150_0014.fzn,94.6763358778626,0.002711528900929993,
V3,100,15,pumpkin-v3/random/n100_p015/instance_n100_p0.150_0000.fzn,97.38877551020408,0.0025503579775197536,
V3,100,15,pumpkin-v3/random/n100_p015/instance_n100_p0.150_0015.fzn,95.93050729673384,0.0026020871425550705,
V3,100,15,pumpkin-v3/random/n100_p015/instance_n100_p0.150_0012.fzn,94.97049180327869,0.0028783532330593892,
V3,100,15,pumpkin-v3/random/n100_p015/instance_n100_p0.150_0018.fzn,98.03839441535777,0.002814456131784365,
V3,100,15,pumpkin-v3/random/n100_p015/instance_n100_p0.150_0010.fzn,96.79462242562929,0.003021652721207089,
V3,100,15,pumpkin-v3/random/n100_p015/instance_n100_p0.150_0013.fzn,94.9145642201835,0.0036750201444663093,
V3,100,15,pumpkin-v3/random/n100_p015/instance_n100_p0.150_0016.fzn,97.27445255474453,0.0012719994214317014,
V3,100,15,pumpkin-v3/random/n100_p015/instance_n100_p0.150_0017.fzn,98.34574468085107,0.0038833213513380857,
V3,100,15,pumpkin-v3/random/n100_p015/instance_n100_p0.150_0011.fzn,97.82800608828006,0.0027393741294127285,
V3,100,15,pumpkin-v3/random/n100_p015/instance_n100_p0.150_0006.fzn,96.71850170261067,0.0037448724163640437,
V3,100,15,pumpkin-v3/random/n100_p015/instance_n100_p0.150_0002.fzn,96.56244218316374,0.0027243886025306347,
V3,100,15,pumpkin-v3/random/n100_p015/instance_n100_p0.150_0004.fzn,94.67826637140145,0.004491306625530485,
V3,100,15,pumpkin-v3/random/n100_p015/instance_n100_p0.150_0005.fzn,96.96695652173914,0.004697236273000513,
V3,100,15,pumpkin-v3/random/n100_p015/instance_n100_p0.150_0009.fzn,95.12406876790831,0.006139619645987064,
V3,100,15,pumpkin-v3/random/n100_p015/instance_n100_p0.150_0007.fzn,95.1555136663525,0.003113825462705922,
V3,100,15,pumpkin-v3/random/n100_p015/instance_n100_p0.150_0008.fzn,97.40454836643177,0.004761944768833962,
V3,100,10,pumpkin-v3/random/n100_p010/instance_n100_p0.100_0013.fzn,95.7304469273743,0.00361228588466732,
V3,100,15,pumpkin-v3/random/n100_p015/instance_n100_p0.150_0001.fzn,97.71517509727626,0.004157466892146151,
V3,100,10,pumpkin-v3/random/n100_p010/instance_n100_p0.100_0015.fzn,95.16166592028661,0.004117567755925573,
V3,100,10,pumpkin-v3/random/n100_p010/instance_n100_p0.100_0019.fzn,96.33386201427439,0.005496120548613768,
V3,100,10,pumpkin-v3/random/n100_p010/instance_n100_p0.100_0009.fzn,98.39384288747345,0.003957122074981754,
V3,100,10,pumpkin-v3/random/n100_p010/instance_n100_p0.100_0016.fzn,96.57231726283048,0.00258166329594901,
V3,100,10,pumpkin-v3/random/n100_p010/instance_n100_p0.100_0011.fzn,97.48399014778325,0.0031316799059095874,
V3,100,10,pumpkin-v3/random/n100_p010/instance_n100_p0.100_0017.fzn,93.82786885245902,0.0035813574320134336,
V3,100,10,pumpkin-v3/random/n100_p010/instance_n100_p0.100_0014.fzn,91.11284046692607,0.007120503029084958,
V3,100,10,pumpkin-v3/random/n100_p010/instance_n100_p0.100_0003.fzn,94.38218390804597,0.004478206724782067,
V3,100,10,pumpkin-v3/random/n100_p010/instance_n100_p0.100_0010.fzn,93.38682596060704,0.007553669930763611,
V3,100,10,pumpkin-v3/random/n100_p010/instance_n100_p0.100_0005.fzn,94.3,0.00514843505601773,
V3,100,10,pumpkin-v3/random/n100_p010/instance_n100_p0.100_0002.fzn,97.42164179104478,0.004425393754412885,
V3,100,10,pumpkin-v3/random/n100_p010/instance_n100_p0.100_0000.fzn,96.66250820748523,0.004391389698957187,
V3,100,10,pumpkin-v3/random/n100_p010/instance_n100_p0.100_0012.fzn,94.04950495049505,0.010881943565734532,
V3,100,10,pumpkin-v3/random/n100_p010/instance_n100_p0.100_0008.fzn,94.84648742411102,0.005432468142259689,
V3,100,10,pumpkin-v3/random/n100_p010/instance_n100_p0.100_0006.fzn,97.22330097087378,0.005222160632494092,
V3,100,10,pumpkin-v3/random/n100_p010/instance_n100_p0.100_0007.fzn,95.82694414019716,0.005732003925640406,
V3,100,10,pumpkin-v3/random/n100_p010/instance_n100_p0.100_0018.fzn,98.68085106382979,0.001315053161723559,
V3,150,10,pumpkin-v3/random/n150_p010/instance_n150_p0.100_0014.fzn,145.40689655172415,0.0014909084552240483,
V3,150,10,pumpkin-v3/random/n150_p010/instance_n150_p0.100_0005.fzn,146.84684684684686,0.0035015301057834494,
V3,100,10,pumpkin-v3/random/n100_p010/instance_n100_p0.100_0001.fzn,95.97862232779097,0.004282605809799203,
V3,150,10,pumpkin-v3/random/n150_p010/instance_n150_p0.100_0003.fzn,146.72388797364087,0.0029740404854091415,
V3,100,10,pumpkin-v3/random/n100_p010/instance_n100_p0.100_0004.fzn,97.13793103448276,0.0014117388222064683,
V3,150,10,pumpkin-v3/random/n150_p010/instance_n150_p0.100_0011.fzn,142.65606668724917,0.005063007971144319,
V3,150,10,pumpkin-v3/random/n150_p010/instance_n150_p0.100_0012.fzn,146.24805531547105,0.0020970346394612012,
V3,150,10,pumpkin-v3/random/n150_p010/instance_n150_p0.100_0009.fzn,144.1237440507668,0.0021727617548128533,
V3,150,10,pumpkin-v3/random/n150_p010/instance_n150_p0.100_0007.fzn,147.95011764705882,0.0024670225379659267,
V3,150,10,pumpkin-v3/random/n150_p010/instance_n150_p0.100_0015.fzn,144.71271603525238,0.0035582427450432646,
V3,150,10,pumpkin-v3/random/n150_p010/instance_n150_p0.100_0016.fzn,144.32466966748947,0.0033089631456978395,
V3,150,10,pumpkin-v3/random/n150_p010/instance_n150_p0.100_0013.fzn,145.94649568870219,0.0023742609421588293,
V3,150,10,pumpkin-v3/random/n150_p010/instance_n150_p0.100_0018.fzn,146.55050023820868,0.003800165915740635,
V3,150,10,pumpkin-v3/random/n150_p010/instance_n150_p0.100_0017.fzn,145.65328392011529,0.004534757940346088,
V3,150,10,pumpkin-v3/random/n150_p010/instance_n150_p0.100_0006.fzn,145.66319532639065,0.002379862190670105,
V3,150,10,pumpkin-v3/random/n150_p010/instance_n150_p0.100_0008.fzn,146.52865497076024,0.0020111130390349937,
V3,150,10,pumpkin-v3/random/n150_p010/instance_n150_p0.100_0004.fzn,142.5385453979131,0.0030678802637877428,
V3,150,10,pumpkin-v3/random/n150_p010/instance_n150_p0.100_0001.fzn,144.34757433489827,0.002752423593033588,
V3,150,10,pumpkin-v3/random/n150_p010/instance_n150_p0.100_0002.fzn,148.56430446194227,0.0006842014289006684,
V3,150,10,pumpkin-v3/random/n150_p010/instance_n150_p0.100_0019.fzn,146.41573033707866,0.0015458139934674232,
V3,150,10,pumpkin-v3/random/n150_p010/instance_n150_p0.100_0010.fzn,146.53123341001591,0.003669673991254774,
V3,150,10,pumpkin-v3/random/n150_p010/instance_n150_p0.100_0000.fzn,146.38059701492537,0.002052749316906055,
V3,50,5,pumpkin-v3/random/n50_p005/instance_n50_p0.050_0014.fzn,,,
V3,50,5,pumpkin-v3/random/n50_p005/instance_n50_p0.050_0000.fzn,,,
V3,50,5,pumpkin-v3/random/n50_p005/instance_n50_p0.050_0013.fzn,,,
V3,50,5,pumpkin-v3/random/n50_p005/instance_n50_p0.050_0009.fzn,,,
V3,50,5,pumpkin-v3/random/n50_p005/instance_n50_p0.050_0008.fzn,,,
V3,50,5,pumpkin-v3/random/n50_p005/instance_n50_p0.050_0006.fzn,,,
V3,50,5,pumpkin-v3/random/n50_p005/instance_n50_p0.050_0010.fzn,,,
V3,50,5,pumpkin-v3/random/n50_p005/instance_n50_p0.050_0015.fzn,,,
V3,50,5,pumpkin-v3/random/n50_p005/instance_n50_p0.050_0016.fzn,,,
V3,50,5,pumpkin-v3/random/n50_p005/instance_n50_p0.050_0005.fzn,,,
V3,50,5,pumpkin-v3/random/n50_p005/instance_n50_p0.050_0019.fzn,,,
V3,50,5,pumpkin-v3/random/n50_p005/instance_n50_p0.050_0004.fzn,,,
V3,50,5,pumpkin-v3/random/n50_p005/instance_n50_p0.050_0003.fzn,,,
V3,50,5,pumpkin-v3/random/n50_p005/instance_n50_p0.050_0017.fzn,,,
V3,50,5,pumpkin-v3/random/n50_p005/instance_n50_p0.050_0018.fzn,,,
V3,50,5,pumpkin-v3/random/n50_p005/instance_n50_p0.050_0011.fzn,,,
V3,50,5,pumpkin-v3/random/n50_p005/instance_n50_p0.050_0001.fzn,,,
V3,50,5,pumpkin-v3/random/n50_p005/instance_n50_p0.050_0002.fzn,,,
V3,50,15,pumpkin-v3/random/n50_p015/instance_n50_p0.150_0017.fzn,,0.0,
V3,50,5,pumpkin-v3/random/n50_p005/instance_n50_p0.050_0007.fzn,,,
V3,50,5,pumpkin-v3/random/n50_p005/instance_n50_p0.050_0012.fzn,,,
V3,50,15,pumpkin-v3/random/n50_p015/instance_n50_p0.150_0013.fzn,,,
V3,50,15,pumpkin-v3/random/n50_p015/instance_n50_p0.150_0015.fzn,48.57446808510638,0.009017341040462428,
V3,50,15,pumpkin-v3/random/n50_p015/instance_n50_p0.150_0018.fzn,47.58695652173913,0.005747732545876397,
V3,50,15,pumpkin-v3/random/n50_p015/instance_n50_p0.150_0019.fzn,47.344086021505376,0.02443957525703691,
V3,50,15,pumpkin-v3/random/n50_p015/instance_n50_p0.150_0016.fzn,45.19402985074627,0.005112391463117747,
V3,50,15,pumpkin-v3/random/n50_p015/instance_n50_p0.150_0014.fzn,44.0,0.01090909090909091,
V3,50,15,pumpkin-v3/random/n50_p015/instance_n50_p0.150_0008.fzn,46.39344262295082,0.005282620179609086,
V3,50,15,pumpkin-v3/random/n50_p015/instance_n50_p0.150_0000.fzn,48.514925373134325,0.006601095781899795,
V3,50,15,pumpkin-v3/random/n50_p015/instance_n50_p0.150_0011.fzn,0.0,0.0,
V3,50,15,pumpkin-v3/random/n50_p015/instance_n50_p0.150_0004.fzn,47.725352112676056,0.002095499828237719,
V3,50,15,pumpkin-v3/random/n50_p015/instance_n50_p0.150_0010.fzn,46.336283185840706,0.006657367486685265,
V3,50,15,pumpkin-v3/random/n50_p015/instance_n50_p0.150_0009.fzn,49.833333333333336,0.005543237250554324,
V3,50,15,pumpkin-v3/random/n50_p015/instance_n50_p0.150_0007.fzn,46.18955512572534,0.015689945703051864,
V3,50,15,pumpkin-v3/random/n50_p015/instance_n50_p0.150_0003.fzn,48.11340206185567,0.0070355980258321954,
V3,50,15,pumpkin-v3/random/n50_p015/instance_n50_p0.150_0001.fzn,47.96153846153846,0.0018645845472555647,
V3,50,15,pumpkin-v3/random/n50_p015/instance_n50_p0.150_0012.fzn,40.343589743589746,0.020923850903270067,
V3,50,15,pumpkin-v3/random/n50_p015/instance_n50_p0.150_0005.fzn,46.916666666666664,0.002612704918032787,
V3,100,5,pumpkin-v3/random/n100_p005/instance_n100_p0.050_0006.fzn,92.78598484848484,0.019705229154048053,
V3,50,15,pumpkin-v3/random/n50_p015/instance_n50_p0.150_0002.fzn,46.71764705882353,0.011403508771929825,
V3,50,15,pumpkin-v3/random/n50_p015/instance_n50_p0.150_0006.fzn,,0.0,
V3,100,5,pumpkin-v3/random/n100_p005/instance_n100_p0.050_0005.fzn,90.82926829268293,0.0034559643255295427,
V3,100,5,pumpkin-v3/random/n100_p005/instance_n100_p0.050_0014.fzn,3.0,0.0,
V3,100,5,pumpkin-v3/random/n100_p005/instance_n100_p0.050_0012.fzn,,,
V3,100,5,pumpkin-v3/random/n100_p005/instance_n100_p0.050_0008.fzn,1.0,0.0,
V3,100,5,pumpkin-v3/random/n100_p005/instance_n100_p0.050_0000.fzn,99.11764705882354,0.0070921985815602835,
V3,100,5,pumpkin-v3/random/n100_p005/instance_n100_p0.050_0013.fzn,,,
V3,100,5,pumpkin-v3/random/n100_p005/instance_n100_p0.050_0001.fzn,4.0,0.0,
V3,100,5,pumpkin-v3/random/n100_p005/instance_n100_p0.050_0015.fzn,,,
V3,100,5,pumpkin-v3/random/n100_p005/instance_n100_p0.050_0002.fzn,2.0,0.0,
V3,100,5,pumpkin-v3/random/n100_p005/instance_n100_p0.050_0018.fzn,,,
V3,100,5,pumpkin-v3/random/n100_p005/instance_n100_p0.050_0003.fzn,2.0,0.0,
V3,100,5,pumpkin-v3/random/n100_p005/instance_n100_p0.050_0017.fzn,,0.0,
V3,100,5,pumpkin-v3/random/n100_p005/instance_n100_p0.050_0007.fzn,5.0,0.0,
V3,100,5,pumpkin-v3/random/n100_p005/instance_n100_p0.050_0011.fzn,3.0,0.0,
V3,100,5,pumpkin-v3/random/n100_p005/instance_n100_p0.050_0004.fzn,,,
V3,100,5,pumpkin-v3/random/n100_p005/instance_n100_p0.050_0009.fzn,4.0,0.0,
V3,100,5,pumpkin-v3/random/n100_p005/instance_n100_p0.050_0010.fzn,,,
V3,100,5,pumpkin-v3/random/n100_p005/instance_n100_p0.050_0019.fzn,,,
V3,150,15,pumpkin-v3/random/n150_p015/instance_n150_p0.150_0005.fzn,142.84769865392965,0.004161240798500788,
V3,150,15,pumpkin-v3/random/n150_p015/instance_n150_p0.150_0003.fzn,145.2357110046591,0.0027221598071698705,
V3,100,5,pumpkin-v3/random/n100_p005/instance_n100_p0.050_0016.fzn,,,
V3,150,15,pumpkin-v3/random/n150_p015/instance_n150_p0.150_0018.fzn,145.2249464876435,0.002251488995606356,
V3,150,15,pumpkin-v3/random/n150_p015/instance_n150_p0.150_0012.fzn,142.92020847552274,0.0033241666994767547,
V3,150,15,pumpkin-v3/random/n150_p015/instance_n150_p0.150_0007.fzn,145.3577090381827,0.003292110043641924,
V3,150,15,pumpkin-v3/random/n150_p015/instance_n150_p0.150_0014.fzn,147.2355175688509,0.0010917620607279134,
V3,150,15,pumpkin-v3/random/n150_p015/instance_n150_p0.150_0009.fzn,146.93979166666668,0.002092767089940341,
V3,150,15,pumpkin-v3/random/n150_p015/instance_n150_p0.150_0010.fzn,146.33768450647656,0.0029902843187848693,
V3,150,15,pumpkin-v3/random/n150_p015/instance_n150_p0.150_0008.fzn,145.87466968667422,0.0019736451956309724,
V3,150,15,pumpkin-v3/random/n150_p015/instance_n150_p0.150_0004.fzn,146.8592105263158,0.0016915872248248218,
V3,150,15,pumpkin-v3/random/n150_p015/instance_n150_p0.150_0006.fzn,144.65955771376073,0.0034023898136072567,
V3,150,15,pumpkin-v3/random/n150_p015/instance_n150_p0.150_0000.fzn,146.70759668508288,0.0019068891503931165,
V3,150,15,pumpkin-v3/random/n150_p015/instance_n150_p0.150_0011.fzn,144.24833024865214,0.0036563978026602794,
V3,150,15,pumpkin-v3/random/n150_p015/instance_n150_p0.150_0019.fzn,146.05493757094212,0.001299891253000054,
V3,150,15,pumpkin-v3/random/n150_p015/instance_n150_p0.150_0015.fzn,147.93758636573008,0.001542522027950783,
V3,150,15,pumpkin-v3/random/n150_p015/instance_n150_p0.150_0002.fzn,146.32920288514887,0.0023916528686693476,
V3,150,15,pumpkin-v3/random/n150_p015/instance_n150_p0.150_0016.fzn,144.17176039119803,0.0028087091106835105,
V3,150,15,pumpkin-v3/random/n150_p015/instance_n150_p0.150_0017.fzn,145.16778754957753,0.00179252748381629,
V3,150,15,pumpkin-v3/random/n150_p015/instance_n150_p0.150_0001.fzn,145.36140408701385,0.003196385864548741,
V3,150,15,pumpkin-v3/random/n150_p015/instance_n150_p0.150_0013.fzn,147.95931095931095,0.0020184267002146083,
V3,150,5,pumpkin-v3/random/n150_p005/instance_n150_p0.050_0007.fzn,147.19303797468353,0.011573400104815699,
V3,150,5,pumpkin-v3/random/n150_p005/instance_n150_p0.050_0002.fzn,145.02209944751382,0.0025965005126848146,
V3,150,5,pumpkin-v3/random/n150_p005/instance_n150_p0.050_0006.fzn,145.98765432098764,0.003401217719924417,
V3,150,5,pumpkin-v3/random/n150_p005/instance_n150_p0.050_0016.fzn,147.81397379912664,0.0039317381240555815,
V3,150,5,pumpkin-v3/random/n150_p005/instance_n150_p0.050_0015.fzn,147.04740406320542,0.0048105178380966895,
V3,150,5,pumpkin-v3/random/n150_p005/instance_n150_p0.050_0018.fzn,142.2625236294896,0.020277402270328326,
V3,150,5,pumpkin-v3/random/n150_p005/instance_n150_p0.050_0013.fzn,,,
V3,150,5,pumpkin-v3/random/n150_p005/instance_n150_p0.050_0011.fzn,146.40404040404042,0.0028415601081626107,
V3,150,5,pumpkin-v3/random/n150_p005/instance_n150_p0.050_0003.fzn,142.9763157894737,0.005699481865284974,
V3,150,5,pumpkin-v3/random/n150_p005/instance_n150_p0.050_0000.fzn,,,
V3,150,5,pumpkin-v3/random/n150_p005/instance_n150_p0.050_0009.fzn,145.2785388127854,0.0037058096900060783,
V3,150,5,pumpkin-v3/random/n150_p005/instance_n150_p0.050_0017.fzn,146.9179775280899,0.004754266913427925,
V3,150,5,pumpkin-v3/random/n150_p005/instance_n150_p0.050_0004.fzn,147.252,0.0011737451737451738,
V3,150,5,pumpkin-v3/random/n150_p005/instance_n150_p0.050_0019.fzn,143.33155555555555,0.008116345325647652,
V3,150,5,pumpkin-v3/random/n150_p005/instance_n150_p0.050_0005.fzn,143.81663516068053,0.007561058548196747,
V3,150,5,pumpkin-v3/random/n150_p005/instance_n150_p0.050_0014.fzn,145.54022988505747,0.002938247011952191,
V3,150,5,pumpkin-v3/random/n150_p005/instance_n150_p0.050_0008.fzn,146.71124417831004,0.003970732926238853,
V3,150,5,pumpkin-v3/random/n150_p005/instance_n150_p0.050_0012.fzn,146.62374245472836,0.008320104049117304,
V3,150,5,pumpkin-v3/random/n150_p005/instance_n150_p0.050_0010.fzn,142.55656108597285,0.009892245186362834,
V3,150,5,pumpkin-v3/random/n150_p005/instance_n150_p0.050_0001.fzn,146.02341463414635,0.008387445887445888,
