metric,config_n,config_k,config,V0_median,V0_iqr,V0_n,V1_median,V1_iqr,V1_n,V2_median,V2_iqr,V2_n,V3_median,V3_iqr,V3_n
Solve time (s) [solver-reported],20,3,"n=20, k=3",0.035,0.0288,30,0.0292,0.0167,30,0.0256,0.0313,30,0.0256,0.0276,30
Solve time (s) [solver-reported],20,5,"n=20, k=5",0.1923,0.539,30,0.0371,0.0176,30,0.0241,0.0113,30,0.0235,0.0085,30
Solve time (s) [solver-reported],20,7,"n=20, k=7",0.8112,14.2145,30,0.0516,0.0182,30,0.0344,0.0139,30,0.0327,0.0137,30
Solve time (s) [solver-reported],20,10,"n=20, k=10",1.3609,17.7084,27,0.0751,0.0272,30,0.0488,0.0258,30,0.0524,0.0218,30
Solve time (s) [solver-reported],50,3,"n=50, k=3",0.1759,0.4952,25,0.2221,0.3312,25,0.1293,1.1262,25,0.1912,3.0356,25
Solve time (s) [solver-reported],50,5,"n=50, k=5",27.5581,231.1006,18,0.7114,0.5793,20,0.0533,1.033,20,0.0593,2.9531,22
Solve time (s) [solver-reported],50,7,"n=50, k=7",62.5834,385.9496,7,1.2766,2.4018,24,0.0954,2.0805,24,0.0936,0.5146,23
Solve time (s) [solver-reported],50,10,"n=50, k=10",115.595,90.8065,5,2.0264,1.9988,22,0.2001,1.0977,23,0.303,3.7313,23
Solve time (s) [solver-reported],50,15,"n=50, k=15",41.3233,143.4943,5,2.337,1.893,23,0.2312,0.5779,23,0.1875,3.1778,23
Solve time (s) [solver-reported],100,5,"n=100, k=5",426.9714,826.2432,11,19.9965,21.9305,18,1.5695,17.8346,18,6.2529,12.3246,19
Solve time (s) [solver-reported],100,7,"n=100, k=7",,,0,54.9174,82.1837,18,0.3654,3.9102,16,0.6571,4.8249,17
Solve time (s) [solver-reported],100,10,"n=100, k=10",,,0,161.6188,398.8525,19,0.4497,5.0252,18,1.4982,11.5028,18
Solve time (s) [solver-reported],100,15,"n=100, k=15",,,0,139.7593,574.1103,17,0.424,0.7024,17,2.6433,10.341,19
Solve time (s) [solver-reported],100,20,"n=100, k=20",,,0,191.5312,394.1556,16,1.0978,5.3549,19,1.4557,8.8835,19
Solve time (s) [solver-reported],150,7,"n=150, k=7",,,0,959.3495,468.6673,11,8.5197,22.8304,19,19.2063,30.9418,20
Solve time (s) [solver-reported],150,10,"n=150, k=10",,,0,814.745,614.6982,6,6.7821,27.0938,18,9.6143,19.1224,20
Solve time (s) [solver-reported],150,15,"n=150, k=15",,,0,1007.6889,705.8116,4,4.3275,15.8781,20,19.403,28.5385,20
Solve time (s) [solver-reported],150,20,"n=150, k=20",,,0,1316.6102,464.2186,2,27.6214,47.0458,19,9.1286,25.774,18
Wall-clock time (s),20,3,"n=20, k=3",1.7,0.1975,30,9.39,2.51,30,2.065,0.585,30,5.445,3.6225,30
Wall-clock time (s),20,5,"n=20, k=5",0.575,0.5575,30,1.94,0.245,30,10.665,3.3075,30,7.005,1.8525,30
Wall-clock time (s),20,7,"n=20, k=7",1.24,14.045,30,1.69,0.1875,30,1.87,5.7975,30,0.455,2.93,30
Wall-clock time (s),20,10,"n=20, k=10",5.61,16.37,27,1.88,0.205,30,5.935,9.2975,30,7.62,1.2825,30
Wall-clock time (s),50,3,"n=50, k=3",1.77,0.6,25,6.38,5.45,25,2.89,7.5,25,5.03,2.38,25
Wall-clock time (s),50,5,"n=50, k=5",29.895,232.995,18,2.585,0.635,20,2.98,1.7,20,7.945,2.895,22
Wall-clock time (s),50,7,"n=50, k=7",66.04,385.375,7,3.0,2.79,24,5.095,7.8575,24,8.98,3.265,23
Wall-clock time (s),50,10,"n=50, k=10",117.62,95.14,5,3.86,2.65,22,13.18,6.225,23,7.09,2.875,23
Wall-clock time (s),50,15,"n=50, k=15",42.18,143.79,5,4.04,2.29,23,2.13,0.625,23,6.04,4.87,23
Wall-clock time (s),100,5,"n=100, k=5",432.31,829.93,11,21.885,21.9725,18,6.81,21.71,18,13.13,12.215,19
Wall-clock time (s),100,7,"n=100, k=7",,,0,56.675,82.26,18,3.2,5.3425,16,5.83,7.05,17
Wall-clock time (s),100,10,"n=100, k=10",,,0,166.84,401.89,19,8.905,11.395,18,9.675,9.8125,18
Wall-clock time (s),100,15,"n=100, k=15",,,0,141.21,575.28,17,2.79,11.89,17,9.22,9.035,19
Wall-clock time (s),100,20,"n=100, k=20",,,0,193.455,394.3025,16,8.23,8.33,19,7.91,8.995,19
Wall-clock time (s),150,7,"n=150, k=7",,,0,962.15,468.69,11,17.91,16.96,19,26.345,36.8,20
Wall-clock time (s),150,10,"n=150, k=10",,,0,818.545,614.1325,6,24.675,30.6475,18,14.16,18.175,20
Wall-clock time (s),150,15,"n=150, k=15",,,0,1010.71,707.09,4,6.62,17.49,20,24.04,23.405,20
Wall-clock time (s),150,20,"n=150, k=20",,,0,1320.49,464.42,2,33.81,44.67,19,16.575,22.1175,18
Failures (backtracks),20,3,"n=20, k=3",712.5,481.25,30,642.5,417.5,30,638.5,408.75,30,592.0,393.0,30
Failures (backtracks),20,5,"n=20, k=5",2323.5,6040.25,30,502.0,263.25,30,410.0,48.0,30,399.0,56.75,30
Failures (backtracks),20,7,"n=20, k=7",6072.5,80382.5,30,492.5,165.75,30,407.0,74.5,30,404.0,73.75,30
Failures (backtracks),20,10,"n=20, k=10",7050.0,54636.0,27,533.0,238.75,30,412.5,121.0,30,401.5,68.5,30
Failures (backtracks),50,3,"n=50, k=3",1544.0,2898.0,25,1466.0,1748.0,25,811.0,4279.0,25,904.0,9899.0,25
Failures (backtracks),50,5,"n=50, k=5",129977.5,760855.25,18,3390.0,2843.25,20,333.5,4544.0,20,342.5,10918.0,22
Failures (backtracks),50,7,"n=50, k=7",145606.0,888175.0,7,4955.0,9051.5,24,474.0,5572.75,24,338.0,1856.5,23
Failures (backtracks),50,10,"n=50, k=10",233708.0,197888.0,5,6078.0,5887.75,22,864.0,3363.0,23,885.0,11747.5,23
Failures (backtracks),50,15,"n=50, k=15",79463.0,199183.0,5,6185.0,5290.5,23,771.0,1456.5,23,371.0,7750.5,23
Failures (backtracks),100,5,"n=100, k=5",988009.0,1276682.5,11,35390.5,49100.25,18,3113.5,20955.0,18,11227.0,16955.5,19
Failures (backtracks),100,7,"n=100, k=7",,,0,104341.5,152073.5,18,627.5,5843.75,16,918.0,6323.0,17
Failures (backtracks),100,10,"n=100, k=10",,,0,191032.0,626923.0,19,809.0,8189.5,18,1533.5,15591.5,18
Failures (backtracks),100,15,"n=100, k=15",,,0,176155.0,677087.0,17,622.0,1885.0,17,3001.0,13587.0,19
Failures (backtracks),100,20,"n=100, k=20",,,0,180439.5,338241.5,16,1008.0,9782.0,19,1430.0,10331.5,19
Failures (backtracks),150,7,"n=150, k=7",,,0,940666.0,448472.5,11,11071.0,19792.0,19,13939.5,22883.5,20
Failures (backtracks),150,10,"n=150, k=10",,,0,574477.0,602148.0,6,3791.5,32196.5,18,10283.0,13248.75,20
Failures (backtracks),150,15,"n=150, k=15",,,0,506286.0,274013.75,4,3470.0,10841.0,20,11133.0,21522.5,20
Failures (backtracks),150,20,"n=150, k=20",,,0,810764.5,485854.5,2,20696.0,48659.5,19,6949.0,20664.5,18
Nodes explored,20,3,"n=20, k=3",893.0,580.0,30,1109.0,467.5,30,735.5,453.75,30,682.0,438.5,30
Nodes explored,20,5,"n=20, k=5",3448.0,8130.75,30,1094.0,764.75,30,513.0,119.75,30,490.0,92.5,30
Nodes explored,20,7,"n=20, k=7",7776.0,105736.25,30,1175.0,823.0,30,517.0,147.25,30,521.5,146.75,30
Nodes explored,20,10,"n=20, k=10",9078.0,73683.5,27,1361.0,899.25,30,537.0,167.0,30,528.5,93.5,30
Nodes explored,50,3,"n=50, k=3",2478.0,4030.0,25,4478.0,2750.0,25,1091.0,4814.0,25,1246.0,10525.0,25
Nodes explored,50,5,"n=50, k=5",181233.0,1032679.25,18,12861.5,8093.5,20,774.0,5286.0,20,689.5,12753.5,22
Nodes explored,50,7,"n=50, k=7",193976.0,1190765.0,7,23310.0,12225.0,24,992.0,6694.5,24,904.0,2233.5,23
Nodes explored,50,10,"n=50, k=10",323148.0,222564.0,5,34138.5,24978.25,22,1463.0,4319.0,23,1758.0,13328.0,23
Nodes explored,50,15,"n=50, k=15",216952.0,346459.0,5,28012.0,32102.5,23,1403.0,2165.5,23,903.0,9413.5,23
Nodes explored,100,5,"n=100, k=5",1461584.0,1881627.5,11,90118.0,72925.25,18,4029.5,29260.5,18,13285.0,21701.0,19
Nodes explored,100,7,"n=100, k=7",,,0,239582.0,259280.0,18,1554.5,7313.0,16,2035.0,7269.0,17
Nodes explored,100,10,"n=100, k=10",,,0,654923.0,903626.5,19,1811.0,10746.75,18,2790.5,22627.5,18
Nodes explored,100,15,"n=100, k=15",,,0,474329.0,956554.0,17,1617.0,1770.0,17,4608.0,26741.0,19
Nodes explored,100,20,"n=100, k=20",,,0,538537.0,1036594.25,16,2725.0,13029.0,19,2961.0,16410.5,19
Nodes explored,150,7,"n=150, k=7",,,0,1509501.0,572642.0,11,15314.0,31131.5,19,22073.5,33096.25,20
Nodes explored,150,10,"n=150, k=10",,,0,1921964.0,1255200.75,6,6330.5,44304.25,18,13794.0,16836.25,20
Nodes explored,150,15,"n=150, k=15",,,0,1742846.5,1319255.75,4,6794.5,18675.5,20,17573.0,36100.5,20
Nodes explored,150,20,"n=150, k=20",,,0,1834125.5,587319.5,2,32317.0,60214.0,19,13003.5,33745.75,18
Propagations,20,3,"n=20, k=3",93547.0,79330.25,30,35112.0,11556.5,30,36614.5,14621.5,30,32793.0,12356.25,30
Propagations,20,5,"n=20, k=5",278491.5,609810.5,30,53095.5,13174.5,30,49205.0,9946.5,30,47389.0,7868.25,30
Propagations,20,7,"n=20, k=7",730950.0,6125680.25,30,77960.5,12583.0,30,75334.5,17238.25,30,74154.0,16274.5,30
Propagations,20,10,"n=20, k=10",1047462.0,5373746.0,27,119224.5,24463.25,30,116548.0,25254.0,30,111525.5,24064.25,30
Propagations,50,3,"n=50, k=3",469602.0,1099583.0,25,73247.0,55245.0,25,55686.0,137562.0,25,54500.0,269168.0,25
Propagations,50,5,"n=50, k=5",28267675.5,173734025.25,18,147582.0,75499.25,20,64109.0,147490.25,20,62997.0,358197.0,22
Propagations,50,7,"n=50, k=7",28324750.0,170304663.0,7,238653.5,266609.75,24,106997.5,269602.0,24,95886.0,78243.0,23
Propagations,50,10,"n=50, k=10",42188667.0,35298136.0,5,413020.5,257374.0,22,180163.0,152507.5,23,207416.0,564528.0,23
Propagations,50,15,"n=50, k=15",19956905.0,44432008.0,5,583047.0,240548.5,23,255143.0,124895.0,23,248028.0,683856.5,23
Propagations,100,5,"n=100, k=5",429742261.0,495534017.5,11,1208652.0,1669330.0,18,151389.0,649784.25,18,358213.0,464472.5,19
Propagations,100,7,"n=100, k=7",,,0,3730502.0,5068962.5,18,106309.5,217557.75,16,113638.0,173714.0,17
Propagations,100,10,"n=100, k=10",,,0,8003615.0,24263387.0,19,166315.5,422574.0,18,213357.5,641737.0,18
Propagations,100,15,"n=100, k=15",,,0,15665567.0,27656877.0,17,247505.0,160551.0,17,466712.0,1187574.0,19
Propagations,100,20,"n=100, k=20",,,0,22610549.5,40284851.0,16,411086.0,947843.0,19,423409.0,1208022.5,19
Propagations,150,7,"n=150, k=7",,,0,29931051.0,11452544.5,11,492186.0,692872.5,19,545035.0,578925.0,20
Propagations,150,10,"n=150, k=10",,,0,25947711.5,27051130.25,6,365166.5,1498777.25,18,624895.5,627079.75,20
Propagations,150,15,"n=150, k=15",,,0,36163995.5,19473162.5,4,468633.5,1002243.0,20,1051107.0,1359824.75,20
Propagations,150,20,"n=150, k=20",,,0,102753599.5,58619663.5,2,2441884.0,3843019.5,19,1018924.5,1787194.75,18
Peak search depth,20,3,"n=20, k=3",70.5,8.0,30,71.0,9.0,30,69.0,9.25,30,68.0,9.5,30
Peak search depth,20,5,"n=20, k=5",100.0,18.75,30,100.5,16.75,30,90.0,18.25,30,87.5,18.75,30
Peak search depth,20,7,"n=20, k=7",121.0,84.5,30,102.5,26.5,30,101.0,21.0,30,101.5,25.0,30
Peak search depth,20,10,"n=20, k=10",125.0,112.0,27,109.0,38.5,30,101.5,36.25,30,104.5,41.25,30
Peak search depth,50,3,"n=50, k=3",170.0,13.0,25,167.0,14.0,25,163.0,14.0,25,166.0,13.0,25
Peak search depth,50,5,"n=50, k=5",326.5,42.5,18,283.0,29.0,20,259.5,43.0,20,272.5,39.25,22
Peak search depth,50,7,"n=50, k=7",462.0,75.0,7,346.0,54.75,24,332.0,70.0,24,326.0,66.0,23
Peak search depth,50,10,"n=50, k=10",538.0,157.0,5,397.0,99.0,22,371.0,109.0,23,400.0,107.0,23
Peak search depth,50,15,"n=50, k=15",877.0,414.0,5,390.0,97.0,23,396.0,195.0,23,402.0,278.0,23
Peak search depth,100,5,"n=100, k=5",614.0,93.5,11,549.5,62.75,18,530.5,98.0,18,560.0,96.5,19
Peak search depth,100,7,"n=100, k=7",,,0,730.5,108.25,18,652.0,145.25,16,634.0,80.0,17
Peak search depth,100,10,"n=100, k=10",,,0,868.0,186.5,19,741.0,273.25,18,782.0,178.25,18
Peak search depth,100,15,"n=100, k=15",,,0,881.0,277.0,17,769.0,159.0,17,820.0,289.5,19
Peak search depth,100,20,"n=100, k=20",,,0,889.0,217.25,16,859.0,403.0,19,875.0,602.5,19
Peak search depth,150,7,"n=150, k=7",,,0,1124.0,137.0,11,1130.0,157.0,19,1108.0,140.75,20
Peak search depth,150,10,"n=150, k=10",,,0,1362.0,370.0,6,1330.5,368.25,18,1329.0,314.0,20
Peak search depth,150,15,"n=150, k=15",,,0,1320.0,286.25,4,1540.5,752.0,20,1619.0,373.75,20
Peak search depth,150,20,"n=150, k=20",,,0,1168.5,36.5,2,2358.0,1049.5,19,1264.0,769.0,18
Restarts,20,3,"n=20, k=3",0.0,0.0,30,0.0,0.0,30,0.0,0.0,30,0.0,0.0,30
Restarts,20,5,"n=20, k=5",0.0,0.0,30,0.0,0.0,30,0.0,0.0,30,0.0,0.0,30
Restarts,20,7,"n=20, k=7",0.0,156.0,30,0.0,0.0,30,0.0,0.0,30,0.0,0.0,30
Restarts,20,10,"n=20, k=10",0.0,188.0,27,0.0,0.0,30,0.0,0.0,30,0.0,0.0,30
Restarts,50,3,"n=50, k=3",0.0,0.0,25,0.0,0.0,25,0.0,0.0,25,0.0,1.0,25
Restarts,50,5,"n=50, k=5",238.0,1246.0,18,0.0,0.0,20,0.0,0.0,20,0.0,6.75,22
Restarts,50,7,"n=50, k=7",191.0,3419.0,7,0.0,7.5,24,0.0,1.25,24,0.0,0.0,23
Restarts,50,10,"n=50, k=10",223.0,429.0,5,0.0,1.5,22,0.0,0.0,23,0.0,2.0,23
Restarts,50,15,"n=50, k=15",192.0,702.0,5,0.0,0.0,23,0.0,0.0,23,0.0,1.5,23
Restarts,100,5,"n=100, k=5",2488.0,2720.0,11,67.5,122.75,18,0.0,7.5,18,1.0,14.0,19
Restarts,100,7,"n=100, k=7",,,0,174.0,270.25,18,0.0,1.0,16,0.0,0.0,17
Restarts,100,10,"n=100, k=10",,,0,360.0,651.0,19,0.0,1.5,18,0.0,1.0,18
Restarts,100,15,"n=100, k=15",,,0,287.0,415.0,17,0.0,0.0,17,0.0,2.5,19
Restarts,100,20,"n=100, k=20",,,0,290.0,457.5,16,0.0,0.5,19,0.0,2.0,19
Restarts,150,7,"n=150, k=7",,,0,1077.0,430.0,11,1.0,5.5,19,3.5,9.5,20
Restarts,150,10,"n=150, k=10",,,0,1679.0,1606.75,6,0.0,3.0,18,1.0,2.5,20
Restarts,150,15,"n=150, k=15",,,0,1089.0,1116.75,4,0.0,4.0,20,2.0,3.25,20
Restarts,150,20,"n=150, k=20",,,0,867.5,112.5,2,2.0,7.0,19,0.5,3.75,18
Avg LBD,20,3,"n=20, k=3",1.7297,0.8766,30,1.4978,0.3835,30,1.1238,0.7572,30,1.1169,0.4754,30
Avg LBD,20,5,"n=20, k=5",5.9693,3.4195,30,1.9679,1.3801,30,1.1646,0.4995,30,1.0612,0.2051,30
Avg LBD,20,7,"n=20, k=7",8.0156,4.2734,30,1.9656,1.1314,30,1.1496,0.7396,30,1.106,0.7258,30
Avg LBD,20,10,"n=20, k=10",7.8788,4.8867,27,2.3103,1.1937,30,1.208,1.592,30,1.1648,0.6045,30
Avg LBD,50,3,"n=50, k=3",4.2293,3.1055,25,3.8361,2.8734,25,2.0567,6.0928,25,3.0042,6.1316,25
Avg LBD,50,5,"n=50, k=5",10.8964,2.0495,18,10.6465,2.2702,20,3.031,7.9027,20,3.467,6.1686,22
Avg LBD,50,7,"n=50, k=7",11.0068,2.3833,7,13.6037,4.7319,24,3.5357,11.2144,24,4.1789,8.6013,23
Avg LBD,50,10,"n=50, k=10",10.7392,3.8039,5,16.6896,4.6732,22,6.1875,14.8978,23,8.9618,13.5447,23
Avg LBD,50,15,"n=50, k=15",11.7323,3.3754,5,17.9374,7.0298,23,6.4058,15.6354,23,4.9456,11.4691,23
Avg LBD,100,5,"n=100, k=5",10.9983,0.8373,11,17.3633,6.1752,18,11.9385,10.291,18,12.4503,14.959,19
Avg LBD,100,7,"n=100, k=7",,,0,22.8882,8.096,18,16.7484,13.1258,16,18.2368,15.817,17
Avg LBD,100,10,"n=100, k=10",,,0,31.0533,8.6394,19,14.9874,17.0429,18,23.5788,30.0993,18
Avg LBD,100,15,"n=100, k=15",,,0,35.9125,12.89,17,10.625,15.7003,17,23.2852,19.1253,19
Avg LBD,100,20,"n=100, k=20",,,0,40.0772,12.3514,16,12.1609,19.0515,19,15.9353,22.7285,19
Avg LBD,150,7,"n=150, k=7",,,0,29.5892,6.7971,11,23.4765,14.7544,19,30.1117,22.7983,20
Avg LBD,150,10,"n=150, k=10",,,0,44.0469,16.915,6,33.0081,29.7806,18,21.5106,16.1993,20
Avg LBD,150,15,"n=150, k=15",,,0,49.5785,21.8576,4,21.9761,16.8379,20,38.9949,38.0505,20
Avg LBD,150,20,"n=150, k=20",,,0,42.8847,15.1821,2,30.2619,25.3114,19,32.8754,34.8985,18
Avg nogood length,20,3,"n=20, k=3",2.9371,1.7603,30,1.752,0.6505,30,1.384,2.0092,30,1.2984,1.3556,30
Avg nogood length,20,5,"n=20, k=5",17.9739,9.5075,30,2.8396,2.0619,30,1.4728,1.6424,30,1.1896,1.014,30
Avg nogood length,20,7,"n=20, k=7",33.0367,16.3169,30,3.6266,2.9905,30,1.752,2.4438,30,1.8697,2.3861,30
Avg nogood length,20,10,"n=20, k=10",49.7292,25.7193,27,6.6461,5.2119,30,2.442,4.5663,30,2.6158,3.8657,30
Avg nogood length,50,3,"n=50, k=3",9.6909,6.8154,25,5.3413,8.3902,25,3.609,29.8342,25,6.9779,29.5345,25
Avg nogood length,50,5,"n=50, k=5",37.1905,12.259,18,17.9545,4.0241,20,5.0498,18.1034,20,7.2355,22.6696,22
Avg nogood length,50,7,"n=50, k=7",65.2421,19.0818,7,27.2316,7.0945,24,9.9663,37.559,24,11.0383,35.0322,23
Avg nogood length,50,10,"n=50, k=10",99.6045,48.9425,5,40.5947,15.2145,22,30.0461,59.8729,23,38.852,39.0048,23
Avg nogood length,50,15,"n=50, k=15",206.1008,69.564,5,65.5309,18.967,23,33.6985,80.6494,23,32.1247,71.5646,23
Avg nogood length,100,5,"n=100, k=5",38.6649,11.3646,11,29.8968,6.4667,18,28.8235,20.2947,18,31.1633,27.9477,19
Avg nogood length,100,7,"n=100, k=7",,,0,39.836,12.1656,18,36.835,20.3823,16,44.3918,30.0566,17
Avg nogood length,100,10,"n=100, k=10",,,0,65.859,19.9285,19,45.6265,45.9455,18,78.2509,52.4211,18
Avg nogood length,100,15,"n=100, k=15",,,0,102.1706,47.1163,17,49.3339,54.9887,17,96.1831,63.9336,19
Avg nogood length,100,20,"n=100, k=20",,,0,147.0413,53.5361,16,61.9455,116.9927,19,109.0418,106.045,19
Avg nogood length,150,7,"n=150, k=7",,,0,48.5466,8.7472,11,45.6654,30.1622,19,58.0636,49.8201,20
Avg nogood length,150,10,"n=150, k=10",,,0,91.356,19.824,6,113.2124,95.7523,18,56.2546,38.3466,20
Avg nogood length,150,15,"n=150, k=15",,,0,144.6398,53.0959,4,101.0908,93.7526,20,115.81,76.9052,20
Avg nogood length,150,20,"n=150, k=20",,,0,190.4412,90.6371,2,115.4845,85.6672,19,129.2005,63.0581,18
Nogoods learned (total),20,3,"n=20, k=3",712.5,481.25,30,642.5,417.5,30,638.5,408.75,30,592.0,393.0,30
Nogoods learned (total),20,5,"n=20, k=5",2323.5,6040.25,30,502.0,263.25,30,410.0,48.0,30,399.0,56.75,30
Nogoods learned (total),20,7,"n=20, k=7",6072.5,80382.5,30,492.5,165.75,30,407.0,74.5,30,404.0,73.75,30
Nogoods learned (total),20,10,"n=20, k=10",7050.0,54636.0,27,533.0,238.75,30,412.5,121.0,30,401.5,68.5,30
Nogoods learned (total),50,3,"n=50, k=3",1544.0,2898.0,25,1466.0,1748.0,25,811.0,4279.0,25,904.0,9899.0,25
Nogoods learned (total),50,5,"n=50, k=5",129977.5,760855.25,18,3390.0,2843.25,20,333.5,4544.0,20,342.5,10918.0,22
Nogoods learned (total),50,7,"n=50, k=7",145606.0,888175.0,7,4955.0,9051.5,24,474.0,5572.75,24,338.0,1856.5,23
Nogoods learned (total),50,10,"n=50, k=10",233708.0,197888.0,5,6078.0,5887.75,22,864.0,3363.0,23,885.0,11747.5,23
Nogoods learned (total),50,15,"n=50, k=15",79463.0,199183.0,5,6185.0,5290.5,23,771.0,1456.5,23,371.0,7750.5,23
Nogoods learned (total),100,5,"n=100, k=5",988009.0,1276682.5,11,35390.5,49100.25,18,3113.5,20955.0,18,11227.0,16955.5,19
Nogoods learned (total),100,7,"n=100, k=7",,,0,104341.5,152073.5,18,627.5,5843.75,16,918.0,6323.0,17
Nogoods learned (total),100,10,"n=100, k=10",,,0,191032.0,626923.0,19,809.0,8189.5,18,1533.5,15591.5,18
Nogoods learned (total),100,15,"n=100, k=15",,,0,176155.0,677087.0,17,622.0,1885.0,17,3001.0,13587.0,19
Nogoods learned (total),100,20,"n=100, k=20",,,0,180439.5,338241.5,16,1008.0,9782.0,19,1430.0,10331.5,19
Nogoods learned (total),150,7,"n=150, k=7",,,0,940666.0,448472.5,11,11071.0,19792.0,19,13939.5,22883.5,20
Nogoods learned (total),150,10,"n=150, k=10",,,0,574477.0,602148.0,6,3791.5,32196.5,18,10283.0,13248.75,20
Nogoods learned (total),150,15,"n=150, k=15",,,0,506286.0,274013.75,4,3470.0,10841.0,20,11133.0,21522.5,20
Nogoods learned (total),150,20,"n=150, k=20",,,0,810764.5,485854.5,2,20696.0,48659.5,19,6949.0,20664.5,18
Unit nogoods learned,20,3,"n=20, k=3",512.5,264.25,30,512.5,275.25,30,512.5,264.25,30,512.5,264.25,30
Unit nogoods learned,20,5,"n=20, k=5",379.0,51.75,30,379.0,51.75,30,379.0,51.75,30,379.0,51.75,30
Unit nogoods learned,20,7,"n=20, k=7",373.0,30.0,30,377.5,51.75,30,377.5,51.75,30,377.5,51.75,30
Unit nogoods learned,20,10,"n=20, k=10",357.0,41.0,27,377.5,51.75,30,377.5,51.75,30,377.5,51.75,30
Unit nogoods learned,50,3,"n=50, k=3",478.0,297.0,25,470.0,297.0,25,478.0,297.0,25,532.0,290.0,25
Unit nogoods learned,50,5,"n=50, k=5",233.5,34.5,18,259.5,31.0,20,261.5,33.0,20,253.5,32.25,22
Unit nogoods learned,50,7,"n=50, k=7",210.0,15.0,7,253.5,39.75,24,253.5,35.75,24,253.0,36.5,23
Unit nogoods learned,50,10,"n=50, k=10",211.0,23.0,5,255.5,35.0,22,254.0,36.5,23,253.0,34.0,23
Unit nogoods learned,50,15,"n=50, k=15",212.0,23.0,5,254.0,36.5,23,253.0,34.0,23,253.0,38.0,23
Unit nogoods learned,100,5,"n=100, k=5",163.0,9.5,11,186.5,34.0,18,183.5,28.0,18,191.0,33.5,19
Unit nogoods learned,100,7,"n=100, k=7",,,0,188.5,21.5,18,188.5,20.5,16,187.0,22.0,17
Unit nogoods learned,100,10,"n=100, k=10",,,0,187.0,21.0,19,188.5,21.5,18,190.0,25.5,18
Unit nogoods learned,100,15,"n=100, k=15",,,0,187.0,22.0,17,187.0,21.0,17,190.0,24.0,19
Unit nogoods learned,100,20,"n=100, k=20",,,0,186.5,25.25,16,190.0,24.0,19,187.0,25.5,19
Unit nogoods learned,150,7,"n=150, k=7",,,0,164.0,30.0,11,150.0,34.0,19,147.0,36.25,20
Unit nogoods learned,150,10,"n=150, k=10",,,0,152.5,33.25,6,164.5,33.5,18,157.0,35.0,20
Unit nogoods learned,150,15,"n=150, k=15",,,0,143.5,19.25,4,157.0,35.25,20,157.0,35.0,20
Unit nogoods learned,150,20,"n=150, k=20",,,0,135.5,5.5,2,164.0,36.0,19,157.0,35.0,18
Avg conflict size,20,3,"n=20, k=3",3.1935,1.6205,30,3.577,1.909,30,2.9318,1.7371,30,2.6283,1.8493,30
Avg conflict size,20,5,"n=20, k=5",6.6592,3.5253,30,5.6025,2.4612,30,2.3246,0.7316,30,2.0488,0.5682,30
Avg conflict size,20,7,"n=20, k=7",11.3351,7.7541,30,7.3905,3.3432,30,2.3072,1.3495,30,2.1584,0.8862,30
Avg conflict size,20,10,"n=20, k=10",15.6957,17.9986,27,9.7392,4.0318,30,2.2528,1.5766,30,2.1845,0.7887,30
Avg conflict size,50,3,"n=50, k=3",5.541,3.2739,25,6.9828,6.8657,25,5.2682,28.5582,25,6.118,29.6092,25
Avg conflict size,50,5,"n=50, k=5",18.4202,7.4414,18,14.3964,3.7647,20,3.7047,7.7973,20,3.6959,13.1144,22
Avg conflict size,50,7,"n=50, k=7",27.7176,4.1057,7,21.6267,7.0761,24,3.6333,17.4471,24,4.4792,12.1308,23
Avg conflict size,50,10,"n=50, k=10",42.7878,12.6615,5,32.3929,5.6171,22,6.3519,13.1527,23,14.4875,20.3421,23
Avg conflict size,50,15,"n=50, k=15",69.0121,40.0516,5,46.5311,12.4709,23,9.2563,24.7108,23,4.875,27.8996,23
Avg conflict size,100,5,"n=100, k=5",19.4232,4.5787,11,22.4486,7.2795,18,14.6092,22.3143,18,17.7803,28.9046,19
Avg conflict size,100,7,"n=100, k=7",,,0,31.7834,16.1068,18,11.52,19.7497,16,13.7743,22.7108,17
Avg conflict size,100,10,"n=100, k=10",,,0,47.4382,18.2648,19,14.7404,31.4023,18,18.4734,28.9048,18
Avg conflict size,100,15,"n=100, k=15",,,0,72.1859,50.9467,17,11.3934,11.8461,17,29.2978,26.4689,19
Avg conflict size,100,20,"n=100, k=20",,,0,107.1927,57.0213,16,19.903,27.8241,19,23.8577,30.8569,19
Avg conflict size,150,7,"n=150, k=7",,,0,37.8229,12.2426,11,23.5444,19.2968,19,23.493,24.1444,20
Avg conflict size,150,10,"n=150, k=10",,,0,67.3105,24.0267,6,29.2434,17.2115,18,18.1885,17.7418,20
Avg conflict size,150,15,"n=150, k=15",,,0,121.3496,57.7022,4,23.095,26.1531,20,31.8213,48.6009,20
Avg conflict size,150,20,"n=150, k=20",,,0,140.9056,84.0972,2,49.8764,48.8205,19,34.6497,59.4133,18
Best maxleg found,20,3,"n=20, k=3",893.0,580.0,30,1109.0,467.5,30,735.5,453.75,30,682.0,438.5,30
Best maxleg found,20,5,"n=20, k=5",3448.0,8130.75,30,1094.0,764.75,30,513.0,119.75,30,490.0,92.5,30
Best maxleg found,20,7,"n=20, k=7",7776.0,12298.75,30,1175.0,823.0,30,517.0,147.25,30,521.5,146.75,30
Best maxleg found,20,10,"n=20, k=10",9078.0,12446.0,27,1361.0,899.25,30,537.0,167.0,30,528.5,93.5,30
Best maxleg found,50,3,"n=50, k=3",2478.0,4030.0,25,4478.0,2750.0,25,1091.0,4814.0,25,1246.0,10366.0,25
Best maxleg found,50,5,"n=50, k=5",28433.0,13783.0,25,14512.0,13063.25,24,894.5,11198.0,24,747.0,14867.0,25
Best maxleg found,50,7,"n=50, k=7",48039.5,31112.0,16,23310.0,12114.0,24,998.0,10608.0,25,1077.0,10981.0,25
Best maxleg found,50,10,"n=50, k=10",30315.0,51934.75,8,35086.0,25346.75,24,1491.0,7312.5,24,1758.0,11110.5,23
Best maxleg found,50,15,"n=50, k=15",26363.0,9983.0,5,28702.0,32065.25,24,1403.0,2165.5,23,903.0,8153.5,23
Best maxleg found,100,5,"n=100, k=5",198919.0,320994.0,20,90118.0,64918.25,20,4029.5,15097.75,18,11852.0,13258.0,19
Best maxleg found,100,7,"n=100, k=7",375128.0,483406.5,20,238530.0,309680.0,20,2128.0,11261.5,18,4632.0,9453.5,19
Best maxleg found,100,10,"n=100, k=10",112377.0,182389.75,16,515520.5,914505.75,20,1811.0,9270.75,18,3337.0,14007.75,20
Best maxleg found,100,15,"n=100, k=15",72994.0,29008.0,9,605666.5,882912.25,18,1790.0,8881.0,19,4608.0,13197.0,19
Best maxleg found,100,20,"n=100, k=20",45673.5,17215.75,4,497911.0,952568.0,17,2725.0,10719.0,19,3608.0,11907.75,20
Best maxleg found,150,7,"n=150, k=7",2216597.0,3420521.0,9,1509501.0,572642.0,11,14124.0,11374.5,19,15448.0,16356.0,20
Best maxleg found,150,10,"n=150, k=10",2065605.5,2397621.75,14,1920391.5,1250370.5,6,6330.5,15724.5,18,13565.0,14266.75,20
Best maxleg found,150,15,"n=150, k=15",133858.0,115645.75,20,1742846.5,1319255.75,4,6794.5,14193.5,20,14624.0,12327.5,20
Best maxleg found,150,20,"n=150, k=20",60777.0,40284.0,17,1834125.5,587319.5,2,17122.0,28738.0,19,9846.5,15563.0,18
