instance,directory,status,num_solutions,wall_clock_time,cpu_time,failures,propagations,solveTime,nodes,peakDepth,restarts,nogoods,AverageLbd,AverageLearnedNogoodLength,AverageConflictSize,NumUnitNogoodsLearned,type,best_sol
pumpkin-v3/opt/n100_k7/instance_n100_k7_0002.fzn,experiments/20260605-18.05.57.686725-pumpkin-v3/126,OPTIMAL,1,10.32,0.55,706,99742,0.444759294,2035,688,0,706,17.526912181303118,36.654390934844194,6.830028328611898,181,minimize,2035
pumpkin-v3/opt/n100_k7/instance_n100_k7_0012.fzn,experiments/20260605-18.05.57.686725-pumpkin-v3/145,OPTIMAL,2,30.13,28.47,44630,1658611,29.588508545,49868,998,5,44630,27.441855254313243,66.7109567555456,26.29894689670625,202,minimize,13127
pumpkin-v3/opt/n100_k7/instance_n100_k7_0019.fzn,experiments/20260605-18.05.57.686725-pumpkin-v3/136,OPTIMAL,1,24.16,23.27,22017,797171,23.22270192,24704,678,2,22017,42.25793704864423,82.24381160012717,65.1755007494209,208,minimize,24704
pumpkin-v3/opt/n100_k7/instance_n100_k7_0013.fzn,experiments/20260605-18.05.57.686725-pumpkin-v3/140,UNKNOWN,0,1800.99,1709.6200000000001,1103229,36663554,1798.786060868,1129819,418,0,1103229,52.804057906382084,104.12249587347685,90.39877124332301,195,minimize,
pumpkin-v3/opt/n100_k7/instance_n100_k7_0000.fzn,experiments/20260605-18.05.57.686725-pumpkin-v3/142,OPTIMAL,1,5.83,0.58,528,95375,0.394255589,1403,653,0,528,23.09280303030303,42.72159090909091,8.068181818181818,191,minimize,1403
pumpkin-v3/opt/n100_k7/instance_n100_k7_0015.fzn,experiments/20260605-18.05.57.686725-pumpkin-v3/137,OPTIMAL,1,3.43,2.27,3099,202898,2.191430149,4632,608,0,3099,27.16618263956115,56.37786382704098,30.77896095514682,196,minimize,4632
pumpkin-v3/opt/n100_k7/instance_n100_k7_0009.fzn,experiments/20260605-18.05.57.686725-pumpkin-v3/127,OPTIMAL,1,10.09,0.19,199,85893,0.074986112,881,622,0,199,2.2814070351758793,4.030150753768845,3.301507537688442,190,minimize,881
pumpkin-v3/opt/n100_k7/instance_n100_k7_0017.fzn,experiments/20260605-18.05.57.686725-pumpkin-v3/141,OPTIMAL,1,5.73,0.5800000000000001,572,99908,0.498873522,1929,619,0,572,9.342657342657343,58.22727272727273,7.043706293706293,157,minimize,1929
pumpkin-v3/opt/n100_k7/instance_n100_k7_0001.fzn,experiments/20260605-18.05.57.686725-pumpkin-v3/131,OPTIMAL,1,9.73,9.54,9765,400427,9.503436229,11768,557,0,9765,37.22150537634408,85.0853046594982,52.73046594982079,163,minimize,11768
pumpkin-v3/opt/n100_k7/instance_n100_k7_0011.fzn,experiments/20260605-18.05.57.686725-pumpkin-v3/135,OPTIMAL,1,3.27,2.45,3884,176633,2.31337403,5285,718,0,3884,11.624871266735324,27.57801235839341,9.96549948506694,190,minimize,5285
pumpkin-v3/opt/n100_k7/instance_n100_k7_0008.fzn,experiments/20260605-18.05.57.686725-pumpkin-v3/144,OPTIMAL,1,0.46,0.26,349,100334,0.183255094,1130,648,0,349,6.269340974212034,19.515759312320917,9.065902578796562,229,minimize,1130
pumpkin-v3/opt/n100_k7/instance_n100_k7_0007.fzn,experiments/20260605-18.05.57.686725-pumpkin-v3/138,SATISFIABLE,87,1801.27,1792.02,2700293,70610243,1798.51559075,3060466,939,2390,2700293,10.239454385135243,28.370215010000766,15.242163350421603,207,minimize,19111
pumpkin-v3/opt/n100_k7/instance_n100_k7_0014.fzn,experiments/20260605-18.05.57.686725-pumpkin-v3/129,OPTIMAL,1,8.07,7.73,6806,273456,7.622242983,8672,824,0,6806,35.445048486629446,111.2397884219806,46.605789009697325,201,minimize,8672
pumpkin-v3/opt/n100_k7/instance_n100_k7_0005.fzn,experiments/20260605-18.05.57.686725-pumpkin-v3/139,SATISFIABLE,33,1801.28,1791.85,2266173,66211796,1798.66928253,2524668,852,1382,2266173,12.683827315919835,49.77998678829904,21.010384467558303,171,minimize,12893
pumpkin-v3/opt/n100_k7/instance_n100_k7_0010.fzn,experiments/20260605-18.05.57.686725-pumpkin-v3/128,OPTIMAL,1,10.69,0.73,918,113638,0.657127435,1705,621,0,918,24.32244008714597,49.631808278867105,19.790849673202615,186,minimize,1705
pumpkin-v3/opt/n100_k7/instance_n100_k7_0016.fzn,experiments/20260605-18.05.57.686725-pumpkin-v3/134,OPTIMAL,1,0.51,0.3,316,82910,0.219736478,1397,634,0,316,10.009493670886076,27.550632911392405,11.791139240506329,175,minimize,1397
pumpkin-v3/opt/n100_k7/instance_n100_k7_0003.fzn,experiments/20260605-18.05.57.686725-pumpkin-v3/143,OPTIMAL,1,10.63,5.33,8476,351504,5.178650864,10093,578,0,8476,15.941953751769702,37.46767343086361,16.351462954223692,165,minimize,10093
pumpkin-v3/opt/n100_k7/instance_n100_k7_0018.fzn,experiments/20260605-18.05.57.686725-pumpkin-v3/132,OPTIMAL,1,0.49,0.33999999999999997,342,91141,0.250366717,1028,555,0,342,18.236842105263158,44.39181286549707,6.45906432748538,166,minimize,1028
pumpkin-v3/opt/n150_k15/instance_n150_k15_0012.fzn,experiments/20260605-18.05.57.686725-pumpkin-v3/163,OPTIMAL,7,33.82,26.759999999999998,22895,1715779,26.678171139,43683,2265,8,22895,14.905830967460144,63.48006114872243,27.388687486350733,140,minimize,14683
pumpkin-v3/opt/n100_k7/instance_n100_k7_0006.fzn,experiments/20260605-18.05.57.686725-pumpkin-v3/133,OPTIMAL,1,3.65,3.4099999999999997,3540,235031,3.328461515,4749,523,0,3540,40.43531073446328,92.17824858757062,65.97824858757062,174,minimize,4749
pumpkin-v3/opt/n100_k7/instance_n100_k7_0004.fzn,experiments/20260605-18.05.57.686725-pumpkin-v3/130,OPTIMAL,1,0.61,0.48,483,104876,0.35371951,1551,707,0,483,14.486542443064183,39.43064182194617,13.77432712215321,187,minimize,1551
pumpkin-v3/opt/n150_k15/instance_n150_k15_0003.fzn,experiments/20260605-18.05.57.686725-pumpkin-v3/158,OPTIMAL,7,39.93,39.51,23569,1752859,39.407358575,38284,1599,8,23569,36.89566803852518,90.93682379396665,55.62374305231448,136,minimize,14565
pumpkin-v3/opt/n150_k15/instance_n150_k15_0008.fzn,experiments/20260605-18.05.57.686725-pumpkin-v3/153,OPTIMAL,1,10.24,0.94,323,304463,0.698284235,2043,1678,0,323,3.5789473684210527,31.96904024767802,5.356037151702786,229,minimize,2043
pumpkin-v3/opt/n150_k15/instance_n150_k15_0002.fzn,experiments/20260605-18.05.57.686725-pumpkin-v3/155,OPTIMAL,2,29.44,22.32,12418,974263,22.17148754,17897,1855,3,12418,50.905379288130135,110.7739571589628,62.03019809953294,174,minimize,16043
pumpkin-v3/opt/n150_k15/instance_n150_k15_0004.fzn,experiments/20260605-18.05.57.686725-pumpkin-v3/160,OPTIMAL,2,1311.18,1301.3700000000001,373782,28106072,1307.775520379,388965,1500,2,373782,60.98010872647693,140.90454328993906,104.7363409688,137,minimize,387824
pumpkin-v3/opt/n150_k15/instance_n150_k15_0000.fzn,experiments/20260605-18.05.57.686725-pumpkin-v3/161,OPTIMAL,2,35.99,31.1,12365,1188839,31.012478833,16843,1680,2,12365,53.302709260008086,164.27723412858876,88.41787302871006,141,minimize,15725
pumpkin-v3/opt/n150_k15/instance_n150_k15_0009.fzn,experiments/20260605-18.05.57.686725-pumpkin-v3/159,OPTIMAL,1,3.73,1.08,280,277975,0.841893035,2285,1199,0,280,31.1,75.12857142857143,4.089285714285714,178,minimize,2285
pumpkin-v3/opt/n150_k15/instance_n150_k15_0015.fzn,experiments/20260605-18.05.57.686725-pumpkin-v3/164,OPTIMAL,1,16.67,9.57,7300,638178,9.362000776,10649,1697,0,7300,24.050821917808218,93.47767123287672,19.5827397260274,165,minimize,10649
pumpkin-v3/opt/n150_k15/instance_n150_k15_0010.fzn,experiments/20260605-18.05.57.686725-pumpkin-v3/162,OPTIMAL,3,22.55,20.22,10401,930319,20.077806607,17249,1618,2,10401,41.09422170945101,139.0268243438131,55.628016536871456,142,minimize,13837
pumpkin-v3/opt/n150_k15/instance_n150_k15_0005.fzn,experiments/20260605-18.05.57.686725-pumpkin-v3/165,OPTIMAL,2,27.18,26.740000000000002,11000,1364517,26.682598214,15979,1529,4,11000,77.42354545454546,166.91209090909092,115.01127272727273,169,minimize,14433
pumpkin-v3/opt/n150_k15/instance_n150_k15_0011.fzn,experiments/20260605-18.05.57.686725-pumpkin-v3/157,OPTIMAL,2,396.34,381.95,147991,8220186,388.895125566,160695,1620,1,147991,90.23982539478752,162.83749687480994,127.34004094843606,175,minimize,159144
pumpkin-v3/opt/n150_k15/instance_n150_k15_0007.fzn,experiments/20260605-18.05.57.686725-pumpkin-v3/146,OPTIMAL,1,1.7,1.3900000000000001,531,310070,1.224419399,2205,1299,0,531,61.96986817325801,148.0225988700565,9.101694915254237,184,minimize,2205
pumpkin-v3/opt/n150_k15/instance_n150_k15_0014.fzn,experiments/20260605-18.05.57.686725-pumpkin-v3/151,OPTIMAL,1,10.11,3.08,1292,296789,3.017036239,3336,1216,0,1292,63.03947368421053,317.61687306501545,41.59907120743034,144,minimize,3336
pumpkin-v3/opt/n150_k15/instance_n150_k15_0019.fzn,experiments/20260605-18.05.57.686725-pumpkin-v3/147,OPTIMAL,3,16.39,15.59,10202,1090851,15.748820911,19625,2288,3,10202,31.67035875318565,95.03812977847481,32.86267398549304,150,minimize,15800
pumpkin-v3/opt/n150_k15/instance_n150_k15_0006.fzn,experiments/20260605-18.05.57.686725-pumpkin-v3/150,OPTIMAL,1,8.03,1.2100000000000002,448,187972,0.96783092,1775,917,0,448,24.232142857142858,120.84598214285714,20.174107142857142,130,minimize,1775
pumpkin-v3/opt/n150_k15/instance_n150_k15_0001.fzn,experiments/20260605-18.05.57.686725-pumpkin-v3/156,OPTIMAL,9,105.79,98.54,61314,5054187,98.694052913,87465,2062,12,61314,19.666356786378316,73.38772547868349,30.779887138337084,135,minimize,15354
pumpkin-v3/opt/n150_k15/instance_n150_k15_0013.fzn,experiments/20260605-18.05.57.686725-pumpkin-v3/152,OPTIMAL,1,14.68,5.34,1624,383609,5.091204741,3599,1384,0,1624,122.47167487684729,295.6274630541872,28.125615763546797,203,minimize,3599
pumpkin-v3/opt/n150_k15/instance_n150_k15_0018.fzn,experiments/20260605-18.05.57.686725-pumpkin-v3/154,OPTIMAL,9,21.21,11.5,11266,1011363,11.667584814,32481,1907,9,11266,20.699982247470263,44.08973903781289,17.54944079531333,164,minimize,15475
pumpkin-v3/opt/n150_k15/instance_n150_k15_0016.fzn,experiments/20260605-18.05.57.686725-pumpkin-v3/149,OPTIMAL,2,25.53,18.91,12733,1194083,18.728192425,19091,1675,3,12733,36.320662844577086,90.01342967093379,27.663708474043823,168,minimize,17434
pumpkin-v3/opt/n150_k15/instance_n150_k15_0017.fzn,experiments/20260605-18.05.57.686725-pumpkin-v3/148,OPTIMAL,1,1682.91,1633.6499999999999,575072,46196515,1675.17610504,583071,1101,0,575072,76.22308684825552,166.96617467030217,139.36073048244393,132,minimize,583071
pumpkin-v3/opt/n150_k20/instance_n150_k20_0005.fzn,experiments/20260605-18.05.57.686725-pumpkin-v3/273,OPTIMAL,1,1494.02,1460.55,558659,60397626,1493.013831316,563274,1187,1,558659,73.14516726661523,168.14799904771962,135.19545733622837,169,minimize,563274
pumpkin-v3/opt/n150_k20/instance_n150_k20_0018.fzn,experiments/20260605-18.05.57.686725-pumpkin-v3/269,OPTIMAL,2,165.6,164.38,54776,4138088,164.996397294,72602,2168,4,54776,88.49415802541259,493.0638965970498,88.89889732729662,164,minimize,70953
pumpkin-v3/opt/n150_k20/instance_n150_k20_0012.fzn,experiments/20260605-18.05.57.686725-pumpkin-v3/281,OPTIMAL,1,11.18,2.5500000000000003,1059,360979,2.357836645,3566,1136,0,1059,21.22096317280453,244.52974504249292,31.721435316336166,140,minimize,3566
pumpkin-v3/opt/n150_k20/instance_n150_k20_0010.fzn,experiments/20260605-18.05.57.686725-pumpkin-v3/282,OPTIMAL,1,14.03,5.35,2156,520234,5.167380532,5730,1149,0,2156,15.07003710575139,324.6683673469388,37.577922077922075,142,minimize,5730
pumpkin-v3/opt/n150_k20/instance_n150_k20_0015.fzn,experiments/20260605-18.05.57.686725-pumpkin-v3/267,OPTIMAL,5,29.41,28.430000000000003,23536,2305114,29.004756249,41375,2968,4,23536,52.480243031951055,145.7334296397009,31.056296736913666,165,minimize,17054
pumpkin-v3/opt/n150_k20/instance_n150_k20_0016.fzn,experiments/20260605-18.05.57.686725-pumpkin-v3/277,OPTIMAL,1,160.62,156.03,62040,7912092,156.454283124,68226,1257,3,62040,80.78895873629916,232.58265635074144,122.13666989039329,168,minimize,68226
pumpkin-v3/opt/n150_k20/instance_n150_k20_0001.fzn,experiments/20260605-18.05.57.686725-pumpkin-v3/270,OPTIMAL,9,19.12,18.69,14578,1700043,18.518278204,35665,2155,8,14578,17.932844011524214,98.87385100836877,28.136712854986968,135,minimize,18472
pumpkin-v3/opt/n150_k20/instance_n150_k20_0002.fzn,experiments/20260605-18.05.57.686725-pumpkin-v3/284,OPTIMAL,3,28.02,21.6,12435,1505641,21.451895852,20389,2097,2,12435,59.07872939284278,139.5642943305187,97.2615199034982,174,minimize,16192
pumpkin-v3/opt/n150_k20/instance_n150_k20_0014.fzn,experiments/20260605-18.05.57.686725-pumpkin-v3/274,OPTIMAL,1,5.19,1.2,403,373038,1.00617473,1713,1069,0,403,32.58560794044665,106.32506203473946,55.23325062034739,144,minimize,1713
pumpkin-v3/opt/n150_k20/instance_n150_k20_0009.fzn,experiments/20260605-18.05.57.686725-pumpkin-v3/276,OPTIMAL,1,6.11,2.19,1342,532208,2.007443349,3342,1271,0,1342,34.47540983606557,115.17362146050671,19.358420268256335,178,minimize,3342
pumpkin-v3/opt/n150_k20/instance_n150_k20_0011.fzn,experiments/20260605-18.05.57.686725-pumpkin-v3/278,UNKNOWN,0,1800.0,1800.0,-,-,-,-,-,-,-,-,-,-,-,minimize,
pumpkin-v3/opt/n150_k20/instance_n150_k20_0000.fzn,experiments/20260605-18.05.57.686725-pumpkin-v3/266,UNKNOWN,0,1800.7,1753.28,825565,86111860,1799.7737032,846988,345,0,825565,61.32814254480265,141.98810632718198,99.37663418386197,141,minimize,
pumpkin-v3/opt/n150_k20/instance_n150_k20_0006.fzn,experiments/20260605-18.05.57.686725-pumpkin-v3/279,OPTIMAL,1,9.45,0.6000000000000001,209,236997,0.410760407,1446,875,0,209,14.052631578947368,104.49282296650718,11.669856459330143,130,minimize,1446
pumpkin-v3/opt/n150_k20/instance_n150_k20_0007.fzn,experiments/20260605-18.05.57.686725-pumpkin-v3/271,OPTIMAL,1,1.78,1.4100000000000001,581,413627,1.241329761,2292,1255,0,581,43.08433734939759,167.592082616179,26.201376936316695,184,minimize,2292
pumpkin-v3/opt/n150_k20/instance_n150_k20_0017.fzn,experiments/20260605-18.05.57.686725-pumpkin-v3/283,OPTIMAL,2,22.0,13.25,11742,1696178,13.089878385,20277,1951,19,11742,33.16521887242378,88.15346618974621,38.506472491909385,132,minimize,18679
pumpkin-v3/opt/n150_k20/instance_n150_k20_0019.fzn,experiments/20260605-18.05.57.686725-pumpkin-v3/280,OPTIMAL,1,10.45,1.84,1120,409118,1.646369575,3898,1232,0,1120,22.12142857142857,108.65357142857142,13.083928571428572,150,minimize,3898
pumpkin-v3/opt/n150_k20/instance_n150_k20_0004.fzn,experiments/20260605-18.05.57.686725-pumpkin-v3/285,OPTIMAL,4,26.6,20.080000000000002,14852,1884351,19.922383844,26074,1890,3,14852,31.64644492324266,118.83665499596015,48.24387287907353,137,minimize,15479
pumpkin-v3/opt/n150_k20/instance_n150_k20_0013.fzn,experiments/20260605-18.05.57.686725-pumpkin-v3/268,OPTIMAL,1,1.32,0.8600000000000001,271,412429,0.708269513,2246,1370,0,271,23.99630996309963,64.63468634686348,5.018450184501845,203,minimize,2246
pumpkin-v3/opt/n150_k20/instance_n150_k20_0008.fzn,experiments/20260605-18.05.57.686725-pumpkin-v3/272,OPTIMAL,1,1.26,0.8600000000000001,339,472818,0.686110947,2279,1757,0,339,23.75811209439528,64.3834808259587,6.9174041297935105,229,minimize,2279
pumpkin-v3/opt/n150_k20/instance_n150_k20_0003.fzn,experiments/20260605-18.05.57.686725-pumpkin-v3/275,OPTIMAL,4,62.7,55.580000000000005,27746,3331027,58.411388048,36512,1160,5,27746,59.65814892236719,142.6497873567361,99.32847978086932,136,minimize,13963
pumpkin-v3/opt/n50_k15/instance_n50_k15_0020.fzn,experiments/20260605-18.05.57.686725-pumpkin-v3/86,OPTIMAL,8,126.12,120.36,256510,24501541,120.571927928,270684,735,14,256510,22.96178316634829,77.38738060894312,43.05987680792172,242,minimize,80724
pumpkin-v3/opt/n50_k15/instance_n50_k15_0010.fzn,experiments/20260605-18.05.57.686725-pumpkin-v3/90,OPTIMAL,1,3.56,0.22000000000000003,248,190844,0.090319378,595,282,0,248,1.3588709677419355,4.512096774193548,2.0524193548387095,238,minimize,595
pumpkin-v3/opt/n50_k15/instance_n50_k15_0021.fzn,experiments/20260605-18.05.57.686725-pumpkin-v3/93,OPTIMAL,1,3.6,0.3,371,248028,0.187524481,819,354,0,371,2.3315363881401616,35.485175202156334,6.361185983827493,249,minimize,819
pumpkin-v3/opt/n50_k15/instance_n50_k15_0001.fzn,experiments/20260605-18.05.57.686725-pumpkin-v3/92,OPTIMAL,1,3.53,0.22999999999999998,304,266349,0.114272397,729,419,0,304,1.105263157894737,1.4046052631578947,2.2598684210526314,303,minimize,729
pumpkin-v3/opt/n50_k15/instance_n50_k15_0000.fzn,experiments/20260605-18.05.57.686725-pumpkin-v3/104,OPTIMAL,1,6.89,0.28,276,227641,0.1253408,676,386,0,276,1.2536231884057971,2.380434782608696,2.0144927536231885,271,minimize,676
pumpkin-v3/opt/n50_k15/instance_n50_k15_0023.fzn,experiments/20260605-18.05.57.686725-pumpkin-v3/83,OPTIMAL,1,7.24,0.23,285,229541,0.122491001,729,286,0,285,3.3684210526315788,9.357894736842105,3.9859649122807017,254,minimize,729
pumpkin-v3/opt/n50_k15/instance_n50_k15_0019.fzn,experiments/20260605-18.05.57.686725-pumpkin-v3/99,OPTIMAL,1,5.9,0.28,321,194454,0.138166444,903,451,0,321,2.0093457943925235,17.847352024922117,2.763239875389408,258,minimize,903
pumpkin-v3/opt/n50_k15/instance_n50_k15_0004.fzn,experiments/20260605-18.05.57.686725-pumpkin-v3/96,OPTIMAL,1,5.69,0.18000000000000002,256,178751,0.073726779,583,320,0,256,1.203125,2.32421875,2.04296875,253,minimize,583
pumpkin-v3/opt/n50_k15/instance_n50_k15_0018.fzn,experiments/20260605-18.05.57.686725-pumpkin-v3/82,OPTIMAL,1,6.5,1.1400000000000001,2881,444163,1.042805842,4034,402,0,2881,7.770218674071503,100.90315862547726,26.43526553280111,257,minimize,4034
pumpkin-v3/opt/n50_k15/instance_n50_k15_0016.fzn,experiments/20260605-18.05.57.686725-pumpkin-v3/87,OPTIMAL,1,3.61,0.32,550,221932,0.215219662,1143,354,0,550,12.850909090909092,81.42181818181818,3.341818181818182,239,minimize,1143
pumpkin-v3/opt/n50_k15/instance_n50_k15_0008.fzn,experiments/20260605-18.05.57.686725-pumpkin-v3/105,OPTIMAL,1,6.85,0.24,281,238322,0.118213389,827,384,0,281,1.2348754448398576,2.8362989323843415,2.4412811387900355,274,minimize,827
pumpkin-v3/opt/n50_k15/instance_n50_k15_0006.fzn,experiments/20260605-18.05.57.686725-pumpkin-v3/81,OPTIMAL,4,44.52,39.38,96680,8461238,39.356927594,101902,696,3,96680,16.242873396772858,74.58308853951179,43.34022548613984,202,minimize,51028
pumpkin-v3/opt/n50_k15/instance_n50_k15_0003.fzn,experiments/20260605-18.05.57.686725-pumpkin-v3/89,ERROR,172,1477.53,1467.93,455249,35383098,154.32894904,590689,792,178,455249,12.730013684818637,61.69811246153204,22.596352765190037,235,minimize,
pumpkin-v3/opt/n50_k15/instance_n50_k15_0024.fzn,experiments/20260605-18.05.57.686725-pumpkin-v3/101,OPTIMAL,4,10.91,5.24,14988,1628999,5.108273496,18807,866,5,14988,18.091473178542834,66.50360288230584,34.56845476381105,228,minimize,14358
pumpkin-v3/opt/n50_k15/instance_n50_k15_0022.fzn,experiments/20260605-18.05.57.686725-pumpkin-v3/97,OPTIMAL,1,5.85,0.35,738,234127,0.215062674,1192,279,0,738,5.586720867208672,32.12466124661247,7.745257452574526,222,minimize,1192
pumpkin-v3/opt/n50_k15/instance_n50_k15_0012.fzn,experiments/20260605-18.05.57.686725-pumpkin-v3/103,OPTIMAL,3,11.19,4.38,11761,1368590,4.40947178,15066,920,4,11761,13.149817192415611,74.6467987416036,24.038942266814047,209,minimize,13408
pumpkin-v3/opt/n50_k15/instance_n50_k15_0014.fzn,experiments/20260605-18.05.57.686725-pumpkin-v3/98,OPTIMAL,1,7.96,2.31,4301,416347,2.186783504,5219,491,0,4301,29.998604975587075,167.6261334573355,54.51336898395722,291,minimize,5219
pumpkin-v3/opt/n50_k15/instance_n50_k15_0005.fzn,experiments/20260605-18.05.57.686725-pumpkin-v3/84,OPTIMAL,1,5.68,0.53,1360,351635,0.390738841,2135,479,0,1360,4.945588235294117,32.434558823529414,9.75294117647059,303,minimize,2135
pumpkin-v3/opt/n50_k15/instance_n50_k15_0009.fzn,experiments/20260605-18.05.57.686725-pumpkin-v3/100,OPTIMAL,75,316.82,309.89,597141,42721102,310.44821281,727147,895,880,597141,8.841010749554963,124.18679675319565,36.510956373787764,231,minimize,12546
pumpkin-v3/opt/n50_k15/instance_n50_k15_0015.fzn,experiments/20260605-18.05.57.686725-pumpkin-v3/102,OPTIMAL,1,6.04,0.26,355,290892,0.167931297,766,383,0,355,7.211267605633803,15.76056338028169,2.952112676056338,304,minimize,766
pumpkin-v3/opt/n50_k15/instance_n50_k15_0017.fzn,experiments/20260605-18.05.57.686725-pumpkin-v3/91,OPTIMAL,1,3.46,0.25,280,223108,0.12685768,660,327,0,280,1.7035714285714285,4.392857142857143,4.875,265,minimize,660
pumpkin-v3/opt/n50_k15/instance_n50_k15_0013.fzn,experiments/20260605-18.05.57.686725-pumpkin-v3/85,OPTIMAL,1,5.52,0.2,276,164188,0.086903193,819,543,0,276,1,1,2,276,minimize,819
pumpkin-v3/opt/n50_k15/instance_n50_k15_0007.fzn,experiments/20260605-18.05.57.686725-pumpkin-v3/95,ERROR,18,1015.95,1006.14,20366,2017511,6.93436843,34387,523,50,20366,18.250908376706274,83.24791318864774,33.16169105371698,243,minimize,
pumpkin-v3/opt/n50_k15/instance_n50_k15_0011.fzn,experiments/20260605-18.05.57.686725-pumpkin-v3/88,OPTIMAL,42,67.14,63.38999999999999,155437,13009300,63.387536294,191328,694,44,155437,20.38265663902417,85.17188957584102,40.43219439387018,214,minimize,14153
pumpkin-v3/opt/n100_k20/instance_n100_k20_0019.fzn,experiments/20260605-18.05.57.686725-pumpkin-v3/419,OPTIMAL,1,5.85,1.54,1430,423409,1.372973479,2961,1152,0,1430,14.144755244755245,188.7888111888112,27.634965034965035,208,minimize,2961
pumpkin-v3/opt/n100_k20/instance_n100_k20_0001.fzn,experiments/20260605-18.05.57.686725-pumpkin-v3/423,OPTIMAL,3,13.63,7.859999999999999,10417,1310674,7.721070553,16412,1337,2,10417,21.715753095900933,97.91629067869829,37.73936834021311,163,minimize,13500
pumpkin-v3/opt/n50_k15/instance_n50_k15_0002.fzn,experiments/20260605-18.05.57.686725-pumpkin-v3/94,OPTIMAL,1,3.57,0.21000000000000002,267,187412,0.100115169,657,320,0,267,2.299625468164794,6.752808988764045,2.902621722846442,251,minimize,657
pumpkin-v3/opt/n100_k20/instance_n100_k20_0012.fzn,experiments/20260605-18.05.57.686725-pumpkin-v3/410,OPTIMAL,1,6.55,0.39999999999999997,205,329710,0.24939618,1011,770,0,205,1.5609756097560976,4.053658536585366,2.029268292682927,202,minimize,1011
pumpkin-v3/opt/n100_k20/instance_n100_k20_0013.fzn,experiments/20260605-18.05.57.686725-pumpkin-v3/412,OPTIMAL,2,1605.0,1591.36,971445,86453721,1598.084218551,1003625,1265,9,971445,55.84023696658071,123.08882540957028,89.51921107216569,195,minimize,1002701
pumpkin-v3/opt/n100_k20/instance_n100_k20_0015.fzn,experiments/20260605-18.05.57.686725-pumpkin-v3/408,OPTIMAL,1,7.79,0.5700000000000001,235,340159,0.402589064,1266,694,0,235,2.65531914893617,35.02553191489362,5.110638297872341,196,minimize,1266
pumpkin-v3/opt/n100_k20/instance_n100_k20_0006.fzn,experiments/20260605-18.05.57.686725-pumpkin-v3/424,OPTIMAL,1,11.02,5.41,5195,793321,5.273955903,6453,557,0,5195,38.6046198267565,124.29085659287777,76.08546679499518,174,minimize,6453
pumpkin-v3/opt/n100_k20/instance_n100_k20_0000.fzn,experiments/20260605-18.05.57.686725-pumpkin-v3/411,OPTIMAL,1,6.16,0.49,200,303876,0.301244851,1009,800,0,200,2.95,12.71,2.125,191,minimize,1009
pumpkin-v3/opt/n100_k20/instance_n100_k20_0004.fzn,experiments/20260605-18.05.57.686725-pumpkin-v3/414,OPTIMAL,1,6.99,0.9800000000000001,638,359048,0.812746967,1761,834,0,638,26.728840125391848,190.38401253918497,24.385579937304076,187,minimize,1761
pumpkin-v3/opt/n100_k20/instance_n100_k20_0003.fzn,experiments/20260605-18.05.57.686725-pumpkin-v3/420,OPTIMAL,3,19.64,13.93,11045,1037947,13.816806798,19369,2412,4,11045,18.8701674966048,305.50321412403804,52.327569035762785,165,minimize,15370
pumpkin-v3/opt/n100_k20/instance_n100_k20_0009.fzn,experiments/20260605-18.05.57.686725-pumpkin-v3/406,OPTIMAL,3,22.12,15.41,15389,1824405,15.362247541,21693,1699,2,15389,33.5461693417376,140.79875235557867,35.917408538566505,190,minimize,13385
pumpkin-v3/opt/n100_k20/instance_n100_k20_0014.fzn,experiments/20260605-18.05.57.686725-pumpkin-v3/415,OPTIMAL,6,21.17,16.72,18885,2730272,16.602563859,33670,1857,8,18885,35.79618745035743,109.12862059835848,47.07450357426529,158,minimize,19206
pumpkin-v3/opt/n100_k20/instance_n100_k20_0018.fzn,experiments/20260605-18.05.57.686725-pumpkin-v3/417,OPTIMAL,1,4.16,0.75,598,351640,0.572688579,1823,628,0,598,12.70401337792642,57.63377926421405,12.219063545150501,166,minimize,1823
pumpkin-v3/opt/n100_k20/instance_n100_k20_0011.fzn,experiments/20260605-18.05.57.686725-pumpkin-v3/422,OPTIMAL,1,7.58,1.87,2502,482986,1.704988696,4255,991,0,2502,15.93525179856115,57.28776978417266,16.32414068745004,190,minimize,4255
pumpkin-v3/opt/n100_k20/instance_n100_k20_0016.fzn,experiments/20260605-18.05.57.686725-pumpkin-v3/416,OPTIMAL,1,5.26,0.79,479,314755,0.636990852,1428,737,0,479,24.86847599164927,171.47181628392485,13.148225469728601,175,minimize,1428
pumpkin-v3/opt/n100_k20/instance_n100_k20_0007.fzn,experiments/20260605-18.05.57.686725-pumpkin-v3/421,OPTIMAL,8,17.07,11.21,20885,1998742,11.082851326,36245,1576,8,20885,14.824323677280345,43.383768254728274,13.85922911180273,207,minimize,12824
pumpkin-v3/opt/n100_k20/instance_n100_k20_0017.fzn,experiments/20260605-18.05.57.686725-pumpkin-v3/409,OPTIMAL,1,8.41,1.61,1075,354183,1.455662094,2251,621,0,1075,10.78046511627907,216.81581395348837,23.857674418604653,157,minimize,2251
pumpkin-v3/opt/n100_k20/instance_n100_k20_0002.fzn,experiments/20260605-18.05.57.686725-pumpkin-v3/425,OPTIMAL,1,5.4,0.44,193,290343,0.282266891,993,694,0,193,2.77720207253886,11.83419689119171,2.4196891191709846,181,minimize,993
pumpkin-v3/opt/n100_k20/instance_n100_k20_0008.fzn,experiments/20260605-18.05.57.686725-pumpkin-v3/407,OPTIMAL,1,7.91,0.63,320,406868,0.464176649,1532,875,0,320,4.0375,56.796875,5.925,229,minimize,1532
pumpkin-v3/opt/n100_k20/instance_n100_k20_0010.fzn,experiments/20260605-18.05.57.686725-pumpkin-v3/418,OPTIMAL,2,11.68,7.2700000000000005,10103,1797170,7.135291303,13675,1299,1,10103,34.64693655349896,109.04176977135505,42.118479659507074,186,minimize,12896
pumpkin-v3/opt/n100_k20/instance_n100_k20_0005.fzn,experiments/20260605-18.05.57.686725-pumpkin-v3/413,SATISFIABLE,2,1800.0,1800.0,220760,23628592,271.828749511,236382,1454,3,220760,43.73429516216706,118.52564323246965,78.51928791447726,171,minimize,41761
pumpkin-v3/opt/n20_k7/instance_n20_k7_0021.fzn,experiments/20260605-18.05.57.686725-pumpkin-v3/54,OPTIMAL,1,6.23,0.11000000000000001,397,70202,0.031120464,488,84,0,397,1.2745591939546599,2.3148614609571787,2.0831234256926954,380,minimize,488
pumpkin-v3/opt/n20_k7/instance_n20_k7_0003.fzn,experiments/20260605-18.05.57.686725-pumpkin-v3/74,OPTIMAL,1,0.2,0.08,333,61279,0.024169026,406,73,0,333,1.006006006006006,1.054054054054054,2.045045045045045,331,minimize,406
pumpkin-v3/opt/n20_k7/instance_n20_k7_0007.fzn,experiments/20260605-18.05.57.686725-pumpkin-v3/79,OPTIMAL,1,5.26,0.11000000000000001,313,55884,0.025068509,385,72,0,313,1.0031948881789137,1.0447284345047922,2,312,minimize,385
pumpkin-v3/opt/n20_k7/instance_n20_k7_0009.fzn,experiments/20260605-18.05.57.686725-pumpkin-v3/73,OPTIMAL,1,0.33,0.13,769,84799,0.064841681,964,111,0,769,5.325097529258778,8.265279583875163,5.693107932379714,401,minimize,964
pumpkin-v3/opt/n20_k7/instance_n20_k7_0000.fzn,experiments/20260605-18.05.57.686725-pumpkin-v3/65,OPTIMAL,1,0.22,0.08,364,60641,0.021015043,466,86,0,364,1.0247252747252746,1.0631868131868132,2.043956043956044,363,minimize,466
pumpkin-v3/opt/n20_k7/instance_n20_k7_0011.fzn,experiments/20260605-18.05.57.686725-pumpkin-v3/72,OPTIMAL,1,0.21,0.1,367,54832,0.024229129,470,103,0,367,1,1,2,367,minimize,470
pumpkin-v3/opt/n20_k7/instance_n20_k7_0014.fzn,experiments/20260605-18.05.57.686725-pumpkin-v3/66,OPTIMAL,1,0.27,0.1,418,76395,0.036382923,547,109,0,418,1.0382775119617225,1.0933014354066986,2.014354066985646,415,minimize,547
pumpkin-v3/opt/n20_k7/instance_n20_k7_0015.fzn,experiments/20260605-18.05.57.686725-pumpkin-v3/67,OPTIMAL,1,0.22,0.09000000000000001,416,74442,0.031051729,529,113,0,416,1,1,2,416,minimize,529
pumpkin-v3/opt/n20_k7/instance_n20_k7_0001.fzn,experiments/20260605-18.05.57.686725-pumpkin-v3/51,OPTIMAL,1,6.24,0.12000000000000001,347,70493,0.029573872,479,73,0,347,1.138328530259366,2.3285302593659942,2.893371757925072,322,minimize,479
pumpkin-v3/opt/n20_k7/instance_n20_k7_0025.fzn,experiments/20260605-18.05.57.686725-pumpkin-v3/70,OPTIMAL,1,0.53,0.41000000000000003,3699,166427,0.350932193,4056,108,0,3699,6.105163557718302,15.84698567180319,8.130575831305759,408,minimize,4056
pumpkin-v3/opt/n20_k7/instance_n20_k7_0013.fzn,experiments/20260605-18.05.57.686725-pumpkin-v3/55,OPTIMAL,1,3.15,0.11000000000000001,345,57671,0.03001048,419,69,0,345,1.6144927536231883,4.344927536231884,3.046376811594203,314,minimize,419
pumpkin-v3/opt/n20_k7/instance_n20_k7_0020.fzn,experiments/20260605-18.05.57.686725-pumpkin-v3/58,OPTIMAL,1,3.2,0.16,923,91032,0.080890324,1210,160,0,923,3.106175514626219,8.81581798483207,5.513542795232936,451,minimize,1210
pumpkin-v3/opt/n20_k7/instance_n20_k7_0026.fzn,experiments/20260605-18.05.57.686725-pumpkin-v3/53,OPTIMAL,1,6.29,0.15,376,73866,0.038352811,485,101,0,376,1.2047872340425532,2.7074468085106385,2.4388297872340425,355,minimize,485
pumpkin-v3/opt/n20_k7/instance_n20_k7_0010.fzn,experiments/20260605-18.05.57.686725-pumpkin-v3/69,OPTIMAL,1,0.34,0.23,1264,113233,0.162218254,1468,92,0,1264,5.52373417721519,22.247626582278482,12.34889240506329,355,minimize,1468
pumpkin-v3/opt/n20_k7/instance_n20_k7_0012.fzn,experiments/20260605-18.05.57.686725-pumpkin-v3/57,OPTIMAL,1,3.2,0.12000000000000001,418,69577,0.02877002,622,89,0,418,1.4784688995215312,3.145933014354067,2.54066985645933,377,minimize,622
pumpkin-v3/opt/n20_k7/instance_n20_k7_0028.fzn,experiments/20260605-18.05.57.686725-pumpkin-v3/80,OPTIMAL,1,5.48,0.21,873,101611,0.107032671,1092,109,0,873,5.6632302405498285,17.116838487972508,7.971363115693013,427,minimize,1092
pumpkin-v3/opt/n20_k7/instance_n20_k7_0024.fzn,experiments/20260605-18.05.57.686725-pumpkin-v3/64,OPTIMAL,1,0.26,0.11000000000000001,384,76807,0.038158864,514,87,0,384,1.046875,1.4244791666666667,2.1901041666666665,376,minimize,514
pumpkin-v3/opt/n20_k7/instance_n20_k7_0004.fzn,experiments/20260605-18.05.57.686725-pumpkin-v3/76,OPTIMAL,1,0.26,0.09000000000000001,386,66192,0.024413703,477,91,0,386,1,1,2,386,minimize,477
pumpkin-v3/opt/n20_k7/instance_n20_k7_0016.fzn,experiments/20260605-18.05.57.686725-pumpkin-v3/75,OPTIMAL,1,0.24,0.09000000000000001,339,62580,0.024063806,435,93,0,339,1.0737463126843658,1.4188790560471976,2.017699115044248,334,minimize,435
pumpkin-v3/opt/n20_k7/instance_n20_k7_0002.fzn,experiments/20260605-18.05.57.686725-pumpkin-v3/77,OPTIMAL,1,0.23,0.1,411,75494,0.032416974,513,102,0,411,1.002433090024331,1.051094890510949,2,410,minimize,513
pumpkin-v3/opt/n20_k7/instance_n20_k7_0017.fzn,experiments/20260605-18.05.57.686725-pumpkin-v3/52,OPTIMAL,1,6.34,0.13,378,59907,0.026289494,486,108,0,378,1,1,2,378,minimize,486
pumpkin-v3/opt/n20_k7/instance_n20_k7_0019.fzn,experiments/20260605-18.05.57.686725-pumpkin-v3/62,OPTIMAL,1,3.08,0.11000000000000001,379,71765,0.028920666,493,114,0,379,1.0052770448548813,1.0817941952506596,2.1266490765171504,377,minimize,493
pumpkin-v3/opt/n20_k7/instance_n20_k7_0018.fzn,experiments/20260605-18.05.57.686725-pumpkin-v3/61,OPTIMAL,1,3.12,0.13,444,78854,0.043566457,625,101,0,444,2.25,3.984234234234234,2.869369369369369,387,minimize,625
pumpkin-v3/opt/n20_k7/instance_n20_k7_0005.fzn,experiments/20260605-18.05.57.686725-pumpkin-v3/59,OPTIMAL,1,3.14,0.1,440,88881,0.034408741,561,118,0,440,1.0545454545454545,1.4090909090909092,2.0045454545454544,436,minimize,561
pumpkin-v3/opt/n20_k7/instance_n20_k7_0029.fzn,experiments/20260605-18.05.57.686725-pumpkin-v3/63,OPTIMAL,1,0.28,0.11,512,85937,0.032957626,653,141,0,512,1,1,2,512,minimize,653
pumpkin-v3/opt/n20_k7/instance_n20_k7_0008.fzn,experiments/20260605-18.05.57.686725-pumpkin-v3/56,OPTIMAL,1,3.17,0.13,356,71175,0.032368871,429,73,0,356,1,1,2,356,minimize,429
pumpkin-v3/opt/n20_k7/instance_n20_k7_0022.fzn,experiments/20260605-18.05.57.686725-pumpkin-v3/78,OPTIMAL,1,0.31,0.12,411,76798,0.040649407,531,97,0,411,1.4355231143552312,3.535279805352798,2.588807785888078,376,minimize,531
pumpkin-v3/opt/n20_k7/instance_n20_k7_0023.fzn,experiments/20260605-18.05.57.686725-pumpkin-v3/68,OPTIMAL,1,0.38,0.11,394,71021,0.037047464,541,115,0,394,1.8299492385786802,2.7081218274111674,2.545685279187817,375,minimize,541
pumpkin-v3/opt/n20_k7/instance_n20_k7_0006.fzn,experiments/20260605-18.05.57.686725-pumpkin-v3/60,OPTIMAL,1,3.05,0.13,667,91405,0.045144685,848,137,0,667,1.749625187406297,2.652173913043478,3.158920539730135,582,minimize,848
pumpkin-v3/opt/n20_k7/instance_n20_k7_0027.fzn,experiments/20260605-18.05.57.686725-pumpkin-v3/71,OPTIMAL,1,0.29,0.11,414,78583,0.043075973,568,125,0,414,1.6690821256038648,2.3405797101449277,2.5217391304347827,391,minimize,568
pumpkin-v3/opt/n150_k10/instance_n150_k10_0018.fzn,experiments/20260605-18.05.57.686725-pumpkin-v3/6,OPTIMAL,1,12.95,8.31,10162,620717,8.178615366,13609,1128,1,10162,20.153709899626058,37.51535130879748,15.292757331234009,164,minimize,13609
pumpkin-v3/opt/n150_k10/instance_n150_k10_0015.fzn,experiments/20260605-18.05.57.686725-pumpkin-v3/18,OPTIMAL,2,27.71,20.54,21359,845189,20.488633159,26681,1469,1,21359,23.062034739454095,45.048925511493984,18.34823727702608,165,minimize,25016
pumpkin-v3/opt/n150_k10/instance_n150_k10_0009.fzn,experiments/20260605-18.05.57.686725-pumpkin-v3/5,OPTIMAL,1,5.06,0.5,191,151996,0.307320164,1238,987,0,191,4.031413612565445,7.319371727748691,2.670157068062827,178,minimize,1238
pumpkin-v3/opt/n150_k10/instance_n150_k10_0000.fzn,experiments/20260605-18.05.57.686725-pumpkin-v3/13,OPTIMAL,2,25.6,20.37,11558,742772,20.306082001,18654,1380,10,11558,47.955096037376705,100.32073023014362,72.93597508219415,141,minimize,15401
pumpkin-v3/opt/n150_k10/instance_n150_k10_0019.fzn,experiments/20260605-18.05.57.686725-pumpkin-v3/2,OPTIMAL,1,5.89,1.57,967,181030,1.398228647,3494,1109,0,967,22.167528438469493,55.25025853154085,14.86556359875905,150,minimize,3494
pumpkin-v3/opt/n150_k10/instance_n150_k10_0012.fzn,experiments/20260605-18.05.57.686725-pumpkin-v3/4,OPTIMAL,2,20.82,16.88,11751,611730,16.771981203,18579,1449,2,11751,16.810824610671432,57.25895668453749,24.693898391626245,140,minimize,17280
pumpkin-v3/opt/n150_k10/instance_n150_k10_0014.fzn,experiments/20260605-18.05.57.686725-pumpkin-v3/9,OPTIMAL,1,5.43,0.29,153,145899,0.160558513,1305,1026,0,153,1.7647058823529411,5.26797385620915,2.0784313725490198,144,minimize,1305
pumpkin-v3/opt/n150_k10/instance_n150_k10_0003.fzn,experiments/20260605-18.05.57.686725-pumpkin-v3/19,OPTIMAL,2,39.27,32.410000000000004,22573,948467,32.394447743,32054,1336,7,22573,51.773091746777126,133.13064280334913,30.536082930935187,136,minimize,23237
pumpkin-v3/opt/n150_k10/instance_n150_k10_0011.fzn,experiments/20260605-18.05.57.686725-pumpkin-v3/7,OPTIMAL,1,15.98,11.69,9264,536593,11.583417245,11879,1320,0,9264,52.42951208981002,110.35395077720207,46.567033678756474,175,minimize,11879
pumpkin-v3/opt/n150_k10/instance_n150_k10_0017.fzn,experiments/20260605-18.05.57.686725-pumpkin-v3/17,OPTIMAL,3,35.32,26.34,17179,789678,27.341209589,24598,1473,4,17179,29.742476279178067,60.67297281564701,40.10279993014727,132,minimize,21057
pumpkin-v3/opt/n150_k10/instance_n150_k10_0006.fzn,experiments/20260605-18.05.57.686725-pumpkin-v3/20,OPTIMAL,1,8.64,0.9099999999999999,512,124426,0.72239996,2093,895,0,512,15.8671875,47.9375,13.138671875,130,minimize,2093
pumpkin-v3/opt/n150_k10/instance_n150_k10_0013.fzn,experiments/20260605-18.05.57.686725-pumpkin-v3/1,OPTIMAL,5,943.85,909.87,314529,12456775,940.751792479,338938,1629,6,314529,41.8696304633277,75.46162357048158,52.261467146113716,203,minimize,14121
pumpkin-v3/opt/n150_k10/instance_n150_k10_0010.fzn,experiments/20260605-18.05.57.686725-pumpkin-v3/12,OPTIMAL,1,9.47,3.6300000000000003,1635,212381,4.106893463,4380,1164,0,1635,19.623853211009173,139.00672782874616,23.998165137614677,142,minimize,4380
pumpkin-v3/opt/n150_k10/instance_n150_k10_0005.fzn,experiments/20260605-18.05.57.686725-pumpkin-v3/14,OPTIMAL,2,14.07,9.47,10049,666935,9.343758126,13979,1322,1,10049,23.900686635486117,46.75967757985869,17.278137128072444,169,minimize,12719
pumpkin-v3/opt/n150_k10/instance_n150_k10_0016.fzn,experiments/20260605-18.05.57.686725-pumpkin-v3/10,OPTIMAL,1,12.93,7.760000000000001,10404,659488,7.634924274,13521,1105,1,10404,25.424259900038447,46.736255286428296,17.181372549019606,168,minimize,13521
pumpkin-v3/opt/n150_k10/instance_n150_k10_0001.fzn,experiments/20260605-18.05.57.686725-pumpkin-v3/3,OPTIMAL,2,22.25,18.39,13338,850635,18.28949688,19808,1393,8,13338,20.85372619583146,66.38821412505624,27.18758434547908,135,minimize,18650
pumpkin-v3/opt/n150_k10/instance_n150_k10_0007.fzn,experiments/20260605-18.05.57.686725-pumpkin-v3/8,OPTIMAL,2,14.25,9.99,11286,629074,9.884935079,16226,1413,2,11286,18.96429204323941,38.172426014531275,18.028708133971293,184,minimize,14626
pumpkin-v3/opt/n150_k10/instance_n150_k10_0004.fzn,experiments/20260605-18.05.57.686725-pumpkin-v3/16,OPTIMAL,1,5.87,0.7000000000000001,385,145983,0.560661872,2941,1103,0,385,15.82077922077922,70.31168831168831,10.018181818181818,137,minimize,2941
pumpkin-v3/opt/n150_k10/instance_n150_k10_0008.fzn,experiments/20260605-18.05.57.686725-pumpkin-v3/15,OPTIMAL,1,5.73,0.55,345,162814,0.389926298,2218,1341,0,345,11.614492753623189,30.411594202898552,17.568115942028985,229,minimize,2218
pumpkin-v3/opt/n100_k15/instance_n100_k15_0014.fzn,experiments/20260605-18.05.57.686725-pumpkin-v3/113,OPTIMAL,2,383.97,374.56,227097,14308660,375.855756204,240771,1138,7,227097,48.46392510689265,96.18309356794674,70.84280285516762,201,minimize,239620
pumpkin-v3/opt/n100_k15/instance_n100_k15_0003.fzn,experiments/20260605-18.05.57.686725-pumpkin-v3/125,OPTIMAL,2,17.92,8.0,11513,1217053,7.885507919,15334,1028,3,11513,21.202119343350994,70.20350907669591,29.297837227481978,165,minimize,14607
pumpkin-v3/opt/n100_k15/instance_n100_k15_0015.fzn,experiments/20260605-18.05.57.686725-pumpkin-v3/110,OPTIMAL,1,7.5,0.81,907,274258,0.68311061,2409,786,0,907,10.905181918412348,139.4002205071665,16.96692392502756,196,minimize,2409
pumpkin-v3/opt/n100_k15/instance_n100_k15_0016.fzn,experiments/20260605-18.05.57.686725-pumpkin-v3/111,OPTIMAL,1,680.09,655.5899999999999,361667,28471162,671.878162779,367530,697,0,361667,46.52549997649772,110.57399209770314,82.65513856669257,175,minimize,367530
pumpkin-v3/opt/n150_k10/instance_n150_k10_0002.fzn,experiments/20260605-18.05.57.686725-pumpkin-v3/11,OPTIMAL,2,34.36,27.5,16394,952745,29.045121921,21344,1571,2,16394,57.735512992558256,107.61351714041723,85.54147858972794,174,minimize,19774
pumpkin-v3/opt/n100_k15/instance_n100_k15_0019.fzn,experiments/20260605-18.05.57.686725-pumpkin-v3/112,OPTIMAL,1,9.13,1.62,1189,304452,1.400939133,2436,1081,0,1189,19.91421362489487,177.93439865433137,7.951219512195122,208,minimize,2436
pumpkin-v3/opt/n100_k15/instance_n100_k15_0017.fzn,experiments/20260605-18.05.57.686725-pumpkin-v3/121,OPTIMAL,17,13.43,13.17,16018,1658287,13.046801598,42261,1142,28,16018,21.961668123361218,76.32962916718691,37.846173055312775,145,minimize,15702
pumpkin-v3/opt/n100_k15/instance_n100_k15_0018.fzn,experiments/20260605-18.05.57.686725-pumpkin-v3/115,OPTIMAL,1,8.33,0.6699999999999999,366,253130,0.539206915,1203,628,0,366,29.42349726775956,122.3360655737705,12.062841530054644,166,minimize,1203
pumpkin-v3/opt/n100_k15/instance_n100_k15_0011.fzn,experiments/20260605-18.05.57.686725-pumpkin-v3/108,OPTIMAL,1,12.16,5.47,7523,661481,5.32952448,9890,1003,0,7523,26.624617838628208,126.9714209756746,31.25229296823076,190,minimize,9890
pumpkin-v3/opt/n100_k15/instance_n100_k15_0007.fzn,experiments/20260605-18.05.57.686725-pumpkin-v3/122,OPTIMAL,9,9.22,8.98,12429,1271291,8.857609541,28598,1468,10,12429,32.596025424410655,76.91173867567785,28.871992919784375,207,minimize,12833
pumpkin-v3/opt/n100_k15/instance_n100_k15_0002.fzn,experiments/20260605-18.05.57.686725-pumpkin-v3/117,OPTIMAL,1,8.36,1.1500000000000001,1371,299953,1.029635682,2507,764,0,1371,30.175784099197667,84.9890590809628,30.089715536105032,181,minimize,2507
pumpkin-v3/opt/n100_k15/instance_n100_k15_0013.fzn,experiments/20260605-18.05.57.686725-pumpkin-v3/124,OPTIMAL,1,15.34,5.46,5196,556970,5.283042457,7546,1020,0,5196,46.66724403387221,169.5402232486528,29.501154734411084,195,minimize,7546
pumpkin-v3/opt/n100_k15/instance_n100_k15_0006.fzn,experiments/20260605-18.05.57.686725-pumpkin-v3/119,OPTIMAL,2,181.3,179.99,99028,9390614,180.707462371,102608,766,2,99028,40.81009411479582,130.10818152441735,92.4100557418104,174,minimize,101956
pumpkin-v3/opt/n100_k15/instance_n100_k15_0010.fzn,experiments/20260605-18.05.57.686725-pumpkin-v3/120,OPTIMAL,1,1.98,1.79,2831,432259,1.673379553,3869,701,0,2831,25.587071706110915,59.00883080183681,26.29883433415754,186,minimize,3869
pumpkin-v3/opt/n100_k15/instance_n100_k15_0008.fzn,experiments/20260605-18.05.57.686725-pumpkin-v3/106,OPTIMAL,1,7.03,0.54,321,280172,0.375414611,1506,875,0,321,3.059190031152648,40.82554517133956,5.018691588785047,229,minimize,1506
pumpkin-v3/opt/n100_k15/instance_n100_k15_0012.fzn,experiments/20260605-18.05.57.686725-pumpkin-v3/109,OPTIMAL,1,6.95,0.29000000000000004,207,229704,0.157098564,1020,743,0,207,1.328502415458937,1.748792270531401,2.0579710144927534,202,minimize,1020
pumpkin-v3/opt/n100_k15/instance_n100_k15_0004.fzn,experiments/20260605-18.05.57.686725-pumpkin-v3/116,OPTIMAL,1,10.2,2.7800000000000002,3001,466712,2.64331678,4608,820,0,3001,23.285238253915363,115.50249916694435,35.10563145618127,187,minimize,4608
pumpkin-v3/opt/n100_k15/instance_n100_k15_0001.fzn,experiments/20260605-18.05.57.686725-pumpkin-v3/107,OPTIMAL,3,20.75,13.950000000000001,19337,1724900,13.876628516,28799,1455,5,19337,13.616072813776697,172.36717174329007,48.027460309251694,150,minimize,23135
pumpkin-v3/opt/n100_k15/instance_n100_k15_0009.fzn,experiments/20260605-18.05.57.686725-pumpkin-v3/114,OPTIMAL,1,7.69,0.35000000000000003,196,235902,0.193648373,1117,798,0,196,1.4438775510204083,3.6989795918367347,2.1785714285714284,190,minimize,1117
pumpkin-v3/opt/n100_k15/instance_n100_k15_0000.fzn,experiments/20260605-18.05.57.686725-pumpkin-v3/123,OPTIMAL,1,0.56,0.32,198,216726,0.205995218,1076,778,0,198,1.9848484848484849,3.5757575757575757,2.742424242424242,191,minimize,1076
pumpkin-v3/opt/n100_k15/instance_n100_k15_0005.fzn,experiments/20260605-18.05.57.686725-pumpkin-v3/118,UNKNOWN,0,1800.0,1800.0,-,-,-,-,-,-,-,-,-,-,-,minimize,
pumpkin-v3/opt/n150_k7/instance_n150_k7_0018.fzn,experiments/20260605-18.05.57.686725-pumpkin-v3/246,OPTIMAL,3,49.1,35.54,22529,787246,36.921204503,30652,1109,9,22529,42.65737493896755,86.8793998845932,56.39398109103822,164,minimize,27389
pumpkin-v3/opt/n150_k7/instance_n150_k7_0012.fzn,experiments/20260605-18.05.57.686725-pumpkin-v3/247,OPTIMAL,3,61.35,49.24,33817,979744,49.293738957,43923,1157,3,33817,36.03397699381968,101.90773871129905,59.60064464618387,140,minimize,16004
pumpkin-v3/opt/n150_k7/instance_n150_k7_0017.fzn,experiments/20260605-18.05.57.686725-pumpkin-v3/248,OPTIMAL,1,18.2,6.329999999999999,7197,227284,6.222046076,9317,1053,0,7197,20.988050576629153,45.76142837293317,14.032374600527998,132,minimize,9317
pumpkin-v3/opt/n150_k7/instance_n150_k7_0009.fzn,experiments/20260605-18.05.57.686725-pumpkin-v3/249,OPTIMAL,1,11.09,1.01,853,124904,0.852857044,2378,995,0,853,18.821805392731537,30.213364595545134,9.85345838218054,178,minimize,2378
pumpkin-v3/opt/n150_k7/instance_n150_k7_0013.fzn,experiments/20260605-18.05.57.686725-pumpkin-v3/251,OPTIMAL,1,19.0,7.23,4301,241564,7.118458162,6273,1085,0,4301,53.373634038595675,102.3552662171588,74.71634503603813,203,minimize,6273
pumpkin-v3/opt/n150_k7/instance_n150_k7_0003.fzn,experiments/20260605-18.05.57.686725-pumpkin-v3/250,OPTIMAL,2,37.17,26.65,29049,897290,26.606508413,34512,1060,5,29049,17.04275534441805,41.0908120761472,22.925505180901236,136,minimize,23541
pumpkin-v3/opt/n150_k7/instance_n150_k7_0007.fzn,experiments/20260605-18.05.57.686725-pumpkin-v3/253,OPTIMAL,4,69.91,57.16,47760,1295774,58.367744378,59655,1264,11,47760,32.289112227805695,66.16576633165829,20.472675879396984,173,minimize,54846
pumpkin-v3/opt/n150_k7/instance_n150_k7_0004.fzn,experiments/20260605-18.05.57.686725-pumpkin-v3/254,OPTIMAL,4,24.93,18.540000000000003,14617,543868,19.320460072,23688,1085,13,14617,29.15256208524321,60.33105288362865,41.695491550933845,137,minimize,13491
pumpkin-v3/opt/n150_k7/instance_n150_k7_0010.fzn,experiments/20260605-18.05.57.686725-pumpkin-v3/252,OPTIMAL,2,31.19,18.7,12965,511899,19.092211135,18812,1064,4,12965,37.14114924797532,79.04149633629001,41.326494408021595,142,minimize,16834
pumpkin-v3/opt/n150_k7/instance_n150_k7_0011.fzn,experiments/20260605-18.05.57.686725-pumpkin-v3/255,OPTIMAL,1,15.39,9.950000000000001,7411,371450,9.8680341,10094,1157,0,7411,65.39711240048577,99.89218728916475,24.06045068141951,175,minimize,10094
pumpkin-v3/opt/n150_k7/instance_n150_k7_0015.fzn,experiments/20260605-18.05.57.686725-pumpkin-v3/258,OPTIMAL,8,94.28,88.60000000000001,53101,1444098,88.75478068,76803,1287,8,53101,40.681380764957346,123.44680891131993,19.31519180429747,150,minimize,30247
pumpkin-v3/opt/n150_k7/instance_n150_k7_0008.fzn,experiments/20260605-18.05.57.686725-pumpkin-v3/257,OPTIMAL,1,110.19,104.41,47716,1642458,104.662629014,51841,1107,1,47716,66.30124067398776,136.27477156509346,112.19771145946852,229,minimize,51841
pumpkin-v3/opt/n150_k7/instance_n150_k7_0005.fzn,experiments/20260605-18.05.57.686725-pumpkin-v3/256,OPTIMAL,2,15.28,9.85,10888,436141,9.723891987,15261,1187,3,10888,16.041421748714182,32.49384643644379,15.982274063188832,169,minimize,13974
pumpkin-v3/opt/n150_k7/instance_n150_k7_0016.fzn,experiments/20260605-18.05.57.686725-pumpkin-v3/261,OPTIMAL,1,30.38,24.27,16691,766532,24.846053867,20459,976,0,16691,45.01413935653945,87.1669762147265,21.78078006111078,168,minimize,20459
pumpkin-v3/opt/n150_k7/instance_n150_k7_0002.fzn,experiments/20260605-18.05.57.686725-pumpkin-v3/260,OPTIMAL,3,17.37,11.59,11878,434903,11.805558395,17827,1264,5,11878,21.137817814446876,40.92591345344334,24.395015995958914,174,minimize,14892
pumpkin-v3/opt/n150_k7/instance_n150_k7_0000.fzn,experiments/20260605-18.05.57.686725-pumpkin-v3/262,OPTIMAL,2,276.55,274.97999999999996,220160,6414656,276.137805754,233593,1127,23,220160,31.07075308866279,55.44141533430233,45.41900436046512,141,minimize,232095
pumpkin-v3/opt/n150_k7/instance_n150_k7_0001.fzn,experiments/20260605-18.05.57.686725-pumpkin-v3/263,OPTIMAL,12,27.76,25.69,22166,840789,27.393205259,42687,1271,16,22166,15.038347017955427,39.33479202382026,21.636380041505006,135,minimize,25878
pumpkin-v3/opt/n150_k7/instance_n150_k7_0019.fzn,experiments/20260605-18.05.57.686725-pumpkin-v3/264,OPTIMAL,10,14.98,14.76,13262,546202,14.684519775,32203,1235,12,13262,23.83011612124868,55.79618458754336,35.681420600211126,137,minimize,13067
pumpkin-v3/opt/n150_k7/instance_n150_k7_0006.fzn,experiments/20260605-18.05.57.686725-pumpkin-v3/259,OPTIMAL,1,5.85,0.57,347,82529,0.411933564,1978,829,0,347,16.804034582132566,39.216138328530256,13.39193083573487,130,minimize,1978
pumpkin-v3/opt/n150_k7/instance_n150_k7_0014.fzn,experiments/20260605-18.05.57.686725-pumpkin-v3/265,OPTIMAL,1,0.5,0.32999999999999996,195,92122,0.218911222,1653,934,0,195,7.158974358974359,17.58974358974359,3.605128205128205,144,minimize,1653
pumpkin-v3/opt/n50_k5/instance_n50_k5_0013.fzn,experiments/20260605-18.05.57.686725-pumpkin-v3/196,OPTIMAL,1,7.89,0.16,351,46966,0.043514219,698,284,0,351,4.07977207977208,6.210826210826211,4.034188034188034,276,minimize,698
pumpkin-v3/opt/n50_k5/instance_n50_k5_0021.fzn,experiments/20260605-18.05.57.686725-pumpkin-v3/215,OPTIMAL,1,7.96,0.15,340,66428,0.062694784,813,281,0,340,1.9941176470588236,7.305882352941176,2.9088235294117646,249,minimize,813
pumpkin-v3/opt/n50_k5/instance_n50_k5_0001.fzn,experiments/20260605-18.05.57.686725-pumpkin-v3/205,OPTIMAL,1,5.9,0.15,364,61876,0.046593053,747,282,0,364,3.1263736263736264,5.357142857142857,3.5247252747252746,303,minimize,747
pumpkin-v3/opt/n50_k5/instance_n50_k5_0019.fzn,experiments/20260605-18.05.57.686725-pumpkin-v3/198,OPTIMAL,1,7.9,0.2,345,51666,0.055912905,681,300,0,345,2.034782608695652,7.165217391304348,3.121739130434783,258,minimize,681
pumpkin-v3/opt/n50_k5/instance_n50_k5_0024.fzn,experiments/20260605-18.05.57.686725-pumpkin-v3/192,OPTIMAL,1,53.52,51.6,100618,2974714,51.638098906,104813,235,31,100618,16.748524120932636,40.4693096662625,34.67947087002326,228,minimize,66885
pumpkin-v3/opt/n50_k5/instance_n50_k5_0018.fzn,experiments/20260605-18.05.57.686725-pumpkin-v3/209,OPTIMAL,1,7.19,1.4200000000000002,6175,221778,1.318500539,7296,308,0,6175,6.7094736842105265,17.33425101214575,8.681295546558705,618,minimize,7296
pumpkin-v3/opt/n50_k5/instance_n50_k5_0017.fzn,experiments/20260605-18.05.57.686725-pumpkin-v3/212,OPTIMAL,1,8.03,0.13,316,58391,0.04626441,623,271,0,316,1.5917721518987342,4.958860759493671,3.867088607594937,265,minimize,623
pumpkin-v3/opt/n50_k5/instance_n50_k5_0004.fzn,experiments/20260605-18.05.57.686725-pumpkin-v3/197,OPTIMAL,1,7.98,0.12,261,52178,0.02742812,569,247,0,261,1.2490421455938698,1.6743295019157087,2.1417624521072796,253,minimize,569
pumpkin-v3/opt/n50_k5/instance_n50_k5_0007.fzn,experiments/20260605-18.05.57.686725-pumpkin-v3/203,SATISFIABLE,1,1800.0,1800.0,64779,1855068,24.165618964,73762,440,119,64779,20.675126198305005,41.992219700828976,35.724169869865236,254,minimize,73762
pumpkin-v3/opt/n50_k5/instance_n50_k5_0005.fzn,experiments/20260605-18.05.57.686725-pumpkin-v3/204,OPTIMAL,1,9.5,3.6399999999999997,12896,474969,3.556871107,15358,274,37,12896,18.62213089330025,38.508917493796524,32.24550248138958,277,minimize,14396
pumpkin-v3/opt/n50_k5/instance_n50_k5_0014.fzn,experiments/20260605-18.05.57.686725-pumpkin-v3/194,SATISFIABLE,1,1800.0,1800.0,22481,715076,5.627702681,24074,301,2,22481,10.897024153729816,25.685334282282817,16.554779591655176,291,minimize,24074
pumpkin-v3/opt/n50_k5/instance_n50_k5_0011.fzn,experiments/20260605-18.05.57.686725-pumpkin-v3/200,OPTIMAL,9,1067.31,1053.78,1392950,39671149,1057.625023287,1465410,321,360,1392950,17.001960587242902,46.00356222405686,37.87579525467533,214,minimize,18284
pumpkin-v3/opt/n50_k5/instance_n50_k5_0020.fzn,experiments/20260605-18.05.57.686725-pumpkin-v3/206,OPTIMAL,1,12.86,7.06,20674,687014,6.988004198,22428,284,9,20674,20.32964109509529,49.57927832059592,39.40151881590403,242,minimize,22428
pumpkin-v3/opt/n50_k5/instance_n50_k5_0010.fzn,experiments/20260605-18.05.57.686725-pumpkin-v3/199,OPTIMAL,1,7.9,0.16,241,50045,0.025907868,487,244,0,241,1.112033195020747,1.2531120331950207,2,238,minimize,487
pumpkin-v3/opt/n50_k5/instance_n50_k5_0016.fzn,experiments/20260605-18.05.57.686725-pumpkin-v3/214,OPTIMAL,1,8.42,0.47,2051,103414,0.361057043,2644,309,0,2051,4.829351535836177,12.048756704046806,6.5490004875670405,908,minimize,2644
pumpkin-v3/opt/n50_k5/instance_n50_k5_0000.fzn,experiments/20260605-18.05.57.686725-pumpkin-v3/193,OPTIMAL,1,2.17,0.1,292,60808,0.04199947,595,257,0,292,1.976027397260274,2.914383561643836,2.7465753424657535,271,minimize,595
pumpkin-v3/opt/n50_k5/instance_n50_k5_0009.fzn,experiments/20260605-18.05.57.686725-pumpkin-v3/211,OPTIMAL,3,187.29,174.29,393179,11674619,178.92131272,439358,328,497,393179,8.238792000590061,28.4590733482714,18.015496758473876,252,minimize,11627
pumpkin-v3/opt/n50_k5/instance_n50_k5_0006.fzn,experiments/20260605-18.05.57.686725-pumpkin-v3/202,OPTIMAL,1,5.87,0.18,317,49564,0.062939525,647,214,0,317,3.807570977917981,8.829652996845425,3.2523659305993693,202,minimize,647
pumpkin-v3/opt/n50_k5/instance_n50_k5_0008.fzn,experiments/20260605-18.05.57.686725-pumpkin-v3/195,OPTIMAL,1,7.93,0.14,280,57363,0.029488367,521,220,0,280,1.0964285714285715,1.3357142857142856,2.210714285714286,274,minimize,521
pumpkin-v3/opt/n50_k5/instance_n50_k5_0015.fzn,experiments/20260605-18.05.57.686725-pumpkin-v3/191,OPTIMAL,1,1.93,0.16999999999999998,315,68321,0.046918472,574,243,0,315,1.1428571428571428,1.415873015873016,2.507936507936508,304,minimize,574
pumpkin-v3/opt/n50_k5/instance_n50_k5_0022.fzn,experiments/20260605-18.05.57.686725-pumpkin-v3/213,OPTIMAL,1,8.06,0.16,340,58988,0.071030758,661,238,0,340,4.797058823529412,11.564705882352941,4.402941176470589,222,minimize,661
pumpkin-v3/opt/n50_k5/instance_n50_k5_0003.fzn,experiments/20260605-18.05.57.686725-pumpkin-v3/201,SATISFIABLE,1,1800.0,1800.0,15157,474063,3.853464221,16706,273,1,15157,11.274064788546546,24.669195751138087,17.26964438873128,235,minimize,16706
pumpkin-v3/opt/n100_k5/instance_n100_k5_0018.fzn,experiments/20260605-18.05.57.686725-pumpkin-v3/395,OPTIMAL,1,7.51,0.16,179,54944,0.050405535,729,466,0,179,1.8715083798882681,2.994413407821229,2.7318435754189943,166,minimize,729
pumpkin-v3/opt/n100_k5/instance_n100_k5_0016.fzn,experiments/20260605-18.05.57.686725-pumpkin-v3/396,OPTIMAL,2,48.6,40.99,52664,1457242,41.057338036,57824,560,9,52664,25.988056357283913,54.82249734163755,45.13859562509494,175,minimize,49126
pumpkin-v3/opt/n100_k5/instance_n100_k5_0011.fzn,experiments/20260605-18.05.57.686725-pumpkin-v3/404,OPTIMAL,2,13.13,6.33,14543,398652,6.252874149,19235,592,19,14543,10.62965000343808,24.11682596438149,14.276421646152789,215,minimize,12480
pumpkin-v3/opt/n50_k5/instance_n50_k5_0012.fzn,experiments/20260605-18.05.57.686725-pumpkin-v3/208,OPTIMAL,3,44.9,38.93,131430,3590006,38.902421929,138551,284,38,131430,16.82217910674884,42.14698318496538,34.52726166019934,247,minimize,15462
pumpkin-v3/opt/n100_k5/instance_n100_k5_0008.fzn,experiments/20260605-18.05.57.686725-pumpkin-v3/394,OPTIMAL,1,7.67,0.27,347,69248,0.183197059,1021,503,0,347,7.527377521613833,13.40057636887608,5.873198847262248,229,minimize,1021
pumpkin-v3/opt/n100_k5/instance_n100_k5_0009.fzn,experiments/20260605-18.05.57.686725-pumpkin-v3/405,OPTIMAL,2,220.63,212.87,296559,8297285,213.505241105,339579,601,386,296559,12.450284766269107,27.567634096419262,17.78033376157864,191,minimize,13350
pumpkin-v3/opt/n100_k5/instance_n100_k5_0003.fzn,experiments/20260605-18.05.57.686725-pumpkin-v3/393,OPTIMAL,5,14.24,6.46,11299,394625,6.701491494,16701,611,12,11299,11.926896185503141,31.163288786618285,16.22046198778653,165,minimize,11852
pumpkin-v3/opt/n50_k5/instance_n50_k5_0002.fzn,experiments/20260605-18.05.57.686725-pumpkin-v3/210,OPTIMAL,1,6.02,0.14,254,48905,0.02705309,516,260,0,254,1.0984251968503937,1.3188976377952757,2.145669291338583,251,minimize,516
pumpkin-v3/opt/n50_k5/instance_n50_k5_0023.fzn,experiments/20260605-18.05.57.686725-pumpkin-v3/207,OPTIMAL,1,6.05,0.16,276,64118,0.049775584,587,252,0,276,2.072463768115942,3.289855072463768,2.300724637681159,254,minimize,587
pumpkin-v3/opt/n100_k5/instance_n100_k5_0002.fzn,experiments/20260605-18.05.57.686725-pumpkin-v3/400,OPTIMAL,1,16.46,7.89,11227,358213,8.126832736,13285,564,3,11227,21.445978444820522,45.1500846174401,24.257949585819897,181,minimize,13285
pumpkin-v3/opt/n100_k5/instance_n100_k5_0012.fzn,experiments/20260605-18.05.57.686725-pumpkin-v3/387,OPTIMAL,1,8.45,0.86,1050,84183,0.76778349,1761,484,0,1050,30.17047619047619,62.15904761904762,53.605714285714285,202,minimize,1761
pumpkin-v3/opt/n100_k5/instance_n100_k5_0004.fzn,experiments/20260605-18.05.57.686725-pumpkin-v3/386,OPTIMAL,2,37.17,29.459999999999997,35215,1009006,29.447494889,37646,553,1,35215,37.15433764021014,86.0232287377538,77.81451086184865,187,minimize,37079
pumpkin-v3/opt/n100_k5/instance_n100_k5_0001.fzn,experiments/20260605-18.05.57.686725-pumpkin-v3/401,OPTIMAL,5,24.55,15.48,20855,681395,16.239156793,27478,565,16,20855,23.65845121074083,51.46487652841045,38.01894030208583,163,minimize,16193
pumpkin-v3/opt/n100_k5/instance_n100_k5_0006.fzn,experiments/20260605-18.05.57.686725-pumpkin-v3/398,OPTIMAL,1,8.94,0.8,1004,84300,0.69884007,1913,456,0,1004,21.07171314741036,49.74203187250996,25.29980079681275,174,minimize,1913
pumpkin-v3/opt/n100_k5/instance_n100_k5_0000.fzn,experiments/20260605-18.05.57.686725-pumpkin-v3/390,OPTIMAL,1,6.0,1.01,1877,102233,0.90222537,2740,573,0,1877,8.777836973894512,19.30047948854555,6.862013851891316,761,minimize,2740
pumpkin-v3/opt/n100_k5/instance_n100_k5_0005.fzn,experiments/20260605-18.05.57.686725-pumpkin-v3/403,UNKNOWN,0,1802.0,1784.93,1373708,32553425,1792.86773584,1390671,115,0,1373708,38.643717587726066,88.12397248905881,82.30748237616727,171,minimize,
pumpkin-v3/opt/n100_k5/instance_n100_k5_0007.fzn,experiments/20260605-18.05.57.686725-pumpkin-v3/392,OPTIMAL,10,728.77,718.29,1013407,26274329,720.619177739,1069422,607,34,1013407,16.730522879751177,40.55748282772864,32.706625274938894,208,minimize,25332
pumpkin-v3/opt/n100_k5/instance_n100_k5_0010.fzn,experiments/20260605-18.05.57.686725-pumpkin-v3/399,OPTIMAL,1,16.26,9.46,13251,400981,9.387402918,16100,548,20,13251,18.48358614444193,44.70092823183156,33.025432042864686,186,minimize,16100
pumpkin-v3/opt/n100_k5/instance_n100_k5_0015.fzn,experiments/20260605-18.05.57.686725-pumpkin-v3/402,OPTIMAL,1,8.44,0.29000000000000004,268,68591,0.153716956,1134,478,0,268,5.365671641791045,12.973880597014926,6.130597014925373,196,minimize,1134
pumpkin-v3/opt/n100_k5/instance_n100_k5_0014.fzn,experiments/20260605-18.05.57.686725-pumpkin-v3/389,OPTIMAL,1,8.51,1.21,1944,100479,1.097019878,3324,610,0,1944,7.565329218106996,26.02777777777778,7.834876543209877,287,minimize,3324
pumpkin-v3/opt/n100_k5/instance_n100_k5_0013.fzn,experiments/20260605-18.05.57.686725-pumpkin-v3/397,OPTIMAL,2,16.41,8.13,11278,360333,8.055256355,14397,599,5,11278,29.235325412307148,58.84092924277354,45.87187444582373,195,minimize,13727
pumpkin-v3/opt/n50_k7/instance_n50_k7_0001.fzn,experiments/20260605-18.05.57.686725-pumpkin-v3/376,OPTIMAL,1,9.83,0.15000000000000002,303,95886,0.045418115,629,326,0,303,1,1,2,303,minimize,629
pumpkin-v3/opt/n100_k5/instance_n100_k5_0017.fzn,experiments/20260605-18.05.57.686725-pumpkin-v3/391,OPTIMAL,1,7.77,0.38,461,64647,0.27846338,1550,498,0,461,6.765726681127982,27.377440347071584,6.373101952277657,157,minimize,1550
pumpkin-v3/opt/n50_k7/instance_n50_k7_0000.fzn,experiments/20260605-18.05.57.686725-pumpkin-v3/366,OPTIMAL,1,6.29,0.16,288,95002,0.05851915,644,296,0,288,1.8645833333333333,3.2152777777777777,3.1527777777777777,271,minimize,644
pumpkin-v3/opt/n50_k7/instance_n50_k7_0002.fzn,experiments/20260605-18.05.57.686725-pumpkin-v3/380,OPTIMAL,1,8.98,0.15,254,67505,0.042058313,549,295,0,254,1.1299212598425197,1.5748031496062993,2.236220472440945,251,minimize,549
pumpkin-v3/opt/n50_k7/instance_n50_k7_0020.fzn,experiments/20260605-18.05.57.686725-pumpkin-v3/381,OPTIMAL,2,14.2,3.82,11204,553457,3.71686211,13157,442,2,11204,19.619421635130312,47.6698500535523,35.990539093181006,242,minimize,12234
pumpkin-v3/opt/n50_k7/instance_n50_k7_0024.fzn,experiments/20260605-18.05.57.686725-pumpkin-v3/378,OPTIMAL,3,14.32,4.1,12776,547158,4.0213743,15325,369,4,12776,15.867094552285536,44.69137445209768,30.276221039448966,228,minimize,14189
pumpkin-v3/opt/n50_k7/instance_n50_k7_0009.fzn,experiments/20260605-18.05.57.686725-pumpkin-v3/377,OPTIMAL,119,84.16,73.46,216476,7301443,73.381836705,286394,454,219,216476,8.89163694820673,39.62568598828508,16.919344407694155,234,minimize,23825
pumpkin-v3/opt/n50_k7/instance_n50_k7_0021.fzn,experiments/20260605-18.05.57.686725-pumpkin-v3/385,OPTIMAL,1,6.89,0.54,1134,142496,0.440064803,1779,326,0,1134,7.5282186948853616,45.95855379188713,11.859788359788359,249,minimize,1779
pumpkin-v3/opt/n50_k7/instance_n50_k7_0006.fzn,experiments/20260605-18.05.57.686725-pumpkin-v3/362,OPTIMAL,1,7.88,0.14,236,70850,0.050557499,576,216,0,236,2.6228813559322033,7.029661016949152,4.826271186440678,202,minimize,576
pumpkin-v3/opt/n50_k7/instance_n50_k7_0019.fzn,experiments/20260605-18.05.57.686725-pumpkin-v3/368,OPTIMAL,1,7.16,0.21000000000000002,338,75789,0.093582077,1077,352,0,338,2.7928994082840237,9.754437869822485,4.180473372781065,258,minimize,1077
pumpkin-v3/opt/n50_k7/instance_n50_k7_0003.fzn,experiments/20260605-18.05.57.686725-pumpkin-v3/361,SATISFIABLE,3,1801.76,1786.27,4333350,144270222,1792.936087913,4749146,426,5048,4333350,16.038709081888147,41.170732574105486,27.442803143064836,235,minimize,25206
pumpkin-v3/opt/n50_k7/instance_n50_k7_0023.fzn,experiments/20260605-18.05.57.686725-pumpkin-v3/382,OPTIMAL,1,10.54,0.2,263,94081,0.055359838,579,248,0,263,1.2167300380228137,1.817490494296578,2.053231939163498,254,minimize,579
pumpkin-v3/opt/n50_k7/instance_n50_k7_0013.fzn,experiments/20260605-18.05.57.686725-pumpkin-v3/372,OPTIMAL,1,4.69,0.14,276,65754,0.037569049,650,374,0,276,1,1,2,276,minimize,650
pumpkin-v3/opt/n50_k7/instance_n50_k7_0014.fzn,experiments/20260605-18.05.57.686725-pumpkin-v3/374,OPTIMAL,3,11.78,2.4299999999999997,10350,376443,2.334057207,12669,444,3,10350,15.355265700483091,32.97169082125604,18.27487922705314,291,minimize,11608
pumpkin-v3/opt/n50_k7/instance_n50_k7_0022.fzn,experiments/20260605-18.05.57.686725-pumpkin-v3/367,OPTIMAL,1,6.39,0.16999999999999998,313,78629,0.076115124,664,250,0,313,4.178913738019169,11.038338658146964,4.479233226837061,222,minimize,664
pumpkin-v3/opt/n50_k7/instance_n50_k7_0005.fzn,experiments/20260605-18.05.57.686725-pumpkin-v3/365,OPTIMAL,1,6.81,0.65,2411,156970,0.542185157,3191,354,0,2411,10.103276648693488,20.422646204894235,10.306926586478639,303,minimize,3191
pumpkin-v3/opt/n50_k7/instance_n50_k7_0017.fzn,experiments/20260605-18.05.57.686725-pumpkin-v3/369,OPTIMAL,1,7.48,0.32999999999999996,817,109888,0.243607787,1208,309,0,817,18.806609547123625,35.62668298653611,26.718482252141982,265,minimize,1208
pumpkin-v3/opt/n50_k7/instance_n50_k7_0012.fzn,experiments/20260605-18.05.57.686725-pumpkin-v3/363,OPTIMAL,1,8.43,0.67,1859,153934,0.582977217,2516,269,0,1859,9.550833781603012,38.01667563206025,11.7235072619688,227,minimize,2516
pumpkin-v3/opt/n50_k7/instance_n50_k7_0010.fzn,experiments/20260605-18.05.57.686725-pumpkin-v3/379,OPTIMAL,1,10.55,0.14,258,73522,0.034584032,613,284,0,258,1.4069767441860466,3.2248062015503876,2.2364341085271318,238,minimize,613
pumpkin-v3/opt/n50_k7/instance_n50_k7_0011.fzn,experiments/20260605-18.05.57.686725-pumpkin-v3/384,OPTIMAL,7,91.92,83.97,171599,5838702,84.109734942,181330,429,9,171599,18.741327163911212,54.72266738151155,40.48615085169494,214,minimize,16492
pumpkin-v3/opt/n50_k7/instance_n50_k7_0007.fzn,experiments/20260605-18.05.57.686725-pumpkin-v3/364,SATISFIABLE,1,1801.96,1787.04,4098466,123088959,1792.913291036,4272026,361,943,4098466,22.136634779939616,50.84359880013644,39.52056061950984,243,minimize,12371
pumpkin-v3/opt/n100_k5/instance_n100_k5_0019.fzn,experiments/20260605-18.05.57.686725-pumpkin-v3/388,OPTIMAL,1,8.14,0.35,483,68316,0.271136994,1212,500,0,483,7.62111801242236,21.194616977225675,5.648033126293996,208,minimize,1212
pumpkin-v3/opt/n50_k7/instance_n50_k7_0018.fzn,experiments/20260605-18.05.57.686725-pumpkin-v3/373,OPTIMAL,1,9.99,0.45,1441,146698,0.343272385,2016,327,0,1441,6.446217904233172,29.278972935461486,9.695350451075642,257,minimize,2016
pumpkin-v3/opt/n50_k7/instance_n50_k7_0016.fzn,experiments/20260605-18.05.57.686725-pumpkin-v3/370,OPTIMAL,1,7.4,0.2,398,90768,0.112639105,904,339,0,398,6.964824120603015,27.33668341708543,2.829145728643216,239,minimize,904
pumpkin-v3/opt/n50_k7/instance_n50_k7_0008.fzn,experiments/20260605-18.05.57.686725-pumpkin-v3/375,OPTIMAL,1,10.42,0.15,281,93544,0.044373986,605,297,0,281,1.2348754448398576,1.7615658362989324,2.281138790035587,274,minimize,605
pumpkin-v3/opt/n50_k7/instance_n50_k7_0015.fzn,experiments/20260605-18.05.57.686725-pumpkin-v3/383,OPTIMAL,1,10.47,0.15000000000000002,312,108785,0.066192035,627,315,0,312,1.044871794871795,1.2115384615384615,2.371794871794872,304,minimize,627
pumpkin-v3/opt/n50_k7/instance_n50_k7_0004.fzn,experiments/20260605-18.05.57.686725-pumpkin-v3/371,OPTIMAL,1,8.98,0.14,257,73603,0.034509575,605,316,0,257,1.1361867704280155,1.1828793774319066,2.007782101167315,253,minimize,605
pumpkin-v3/opt/n20_k10/instance_n20_k10_0002.fzn,experiments/20260605-18.05.57.686725-pumpkin-v3/232,OPTIMAL,1,0.31,0.11,411,121302,0.051217376,518,107,0,411,1.002433090024331,1.0875912408759123,2,410,minimize,518
pumpkin-v3/opt/n20_k10/instance_n20_k10_0028.fzn,experiments/20260605-18.05.57.686725-pumpkin-v3/235,OPTIMAL,1,8.75,0.33,1581,191052,0.243225159,1886,118,0,1581,8.130929791271347,37.13092979127135,12.096141682479443,427,minimize,1886
pumpkin-v3/opt/n20_k10/instance_n20_k10_0012.fzn,experiments/20260605-18.05.57.686725-pumpkin-v3/245,OPTIMAL,1,7.69,0.13,434,109617,0.052206908,605,99,0,434,1.7995391705069124,5.9631336405529956,3.2903225806451615,377,minimize,605
pumpkin-v3/opt/n20_k10/instance_n20_k10_0024.fzn,experiments/20260605-18.05.57.686725-pumpkin-v3/226,OPTIMAL,1,7.33,0.16999999999999998,392,111656,0.047153022,527,83,0,392,1.0816326530612246,2.63265306122449,2.1020408163265305,376,minimize,527
pumpkin-v3/opt/n20_k10/instance_n20_k10_0008.fzn,experiments/20260605-18.05.57.686725-pumpkin-v3/239,OPTIMAL,1,7.6,0.13,358,106358,0.043640702,438,75,0,358,1.0279329608938548,1.094972067039106,2.0391061452513966,356,minimize,438
pumpkin-v3/opt/n20_k10/instance_n20_k10_0021.fzn,experiments/20260605-18.05.57.686725-pumpkin-v3/224,OPTIMAL,1,7.35,0.19,407,111330,0.052586008,495,87,0,407,1.4054054054054055,4.800982800982801,2.5036855036855035,380,minimize,495
pumpkin-v3/opt/n20_k10/instance_n20_k10_0019.fzn,experiments/20260605-18.05.57.686725-pumpkin-v3/221,OPTIMAL,1,11.38,0.13,379,106932,0.043187882,512,133,0,379,1.0052770448548813,1.1319261213720317,2.1266490765171504,377,minimize,512
pumpkin-v3/opt/n20_k10/instance_n20_k10_0022.fzn,experiments/20260605-18.05.57.686725-pumpkin-v3/231,OPTIMAL,1,0.27,0.13,404,116899,0.059441701,512,88,0,404,1.3737623762376239,3.5643564356435644,2.7747524752475248,376,minimize,512
pumpkin-v3/opt/n20_k10/instance_n20_k10_0023.fzn,experiments/20260605-18.05.57.686725-pumpkin-v3/242,OPTIMAL,1,7.4,0.16,392,107397,0.049495692,534,130,0,392,1.6862244897959184,2.9260204081632653,2.24234693877551,375,minimize,534
pumpkin-v3/opt/n20_k10/instance_n20_k10_0016.fzn,experiments/20260605-18.05.57.686725-pumpkin-v3/225,OPTIMAL,1,7.27,0.13,342,91586,0.035675477,420,77,0,342,1.1198830409356726,2.242690058479532,2.073099415204678,334,minimize,420
pumpkin-v3/opt/n20_k10/instance_n20_k10_0007.fzn,experiments/20260605-18.05.57.686725-pumpkin-v3/227,OPTIMAL,1,7.24,0.14,313,85976,0.034569403,387,74,0,313,1.0031948881789137,1.0670926517571886,2,312,minimize,387
pumpkin-v3/opt/n20_k10/instance_n20_k10_0009.fzn,experiments/20260605-18.05.57.686725-pumpkin-v3/217,OPTIMAL,1,7.95,0.16999999999999998,812,133910,0.074539961,1068,118,0,812,5.695812807881773,12.263546798029557,6.084975369458128,401,minimize,1068
pumpkin-v3/opt/n20_k10/instance_n20_k10_0000.fzn,experiments/20260605-18.05.57.686725-pumpkin-v3/222,OPTIMAL,1,10.97,0.12000000000000001,363,99047,0.033692885,448,85,0,363,1,1,2,363,minimize,448
pumpkin-v3/opt/n20_k10/instance_n20_k10_0005.fzn,experiments/20260605-18.05.57.686725-pumpkin-v3/243,OPTIMAL,1,7.17,0.14,440,132850,0.056527922,575,132,0,440,1.0545454545454545,1.634090909090909,2.0045454545454544,436,minimize,575
pumpkin-v3/opt/n20_k10/instance_n20_k10_0027.fzn,experiments/20260605-18.05.57.686725-pumpkin-v3/220,OPTIMAL,1,11.55,0.14,420,124103,0.059245342,561,133,0,420,2.5285714285714285,5.026190476190476,2.75,391,minimize,561
pumpkin-v3/opt/n20_k10/instance_n20_k10_0018.fzn,experiments/20260605-18.05.57.686725-pumpkin-v3/219,OPTIMAL,1,11.31,0.19,446,117609,0.066002719,575,101,0,446,2.3520179372197307,5.816143497757848,2.811659192825112,387,minimize,575
pumpkin-v3/opt/n20_k10/instance_n20_k10_0001.fzn,experiments/20260605-18.05.57.686725-pumpkin-v3/237,OPTIMAL,1,8.44,0.13,346,95292,0.066989182,459,74,0,346,1.1358381502890174,2.898843930635838,3.239884393063584,322,minimize,459
pumpkin-v3/opt/n20_k10/instance_n20_k10_0013.fzn,experiments/20260605-18.05.57.686725-pumpkin-v3/229,OPTIMAL,1,0.3,0.14,327,82533,0.041500518,408,72,0,327,1.2415902140672783,3.0244648318042815,2.477064220183486,314,minimize,408
pumpkin-v3/opt/n20_k10/instance_n20_k10_0010.fzn,experiments/20260605-18.05.57.686725-pumpkin-v3/233,OPTIMAL,1,8.69,0.16999999999999998,379,114139,0.054028269,539,81,0,379,1.3113456464379947,3.3403693931398415,2.287598944591029,355,minimize,539
pumpkin-v3/opt/n20_k10/instance_n20_k10_0011.fzn,experiments/20260605-18.05.57.686725-pumpkin-v3/234,OPTIMAL,1,8.55,0.18,367,87940,0.055951363,477,110,0,367,1,1,2,367,minimize,477
pumpkin-v3/opt/n20_k10/instance_n20_k10_0004.fzn,experiments/20260605-18.05.57.686725-pumpkin-v3/223,OPTIMAL,1,7.3,0.16,399,100213,0.039802388,541,102,0,399,1.213032581453634,2.598997493734336,2.075187969924812,386,minimize,541
pumpkin-v3/opt/n20_k10/instance_n20_k10_0015.fzn,experiments/20260605-18.05.57.686725-pumpkin-v3/240,OPTIMAL,1,7.66,0.14,419,111395,0.044722253,547,127,0,419,1.1145584725536992,1.3436754176610979,2.042959427207637,416,minimize,547
pumpkin-v3/opt/n20_k10/instance_n20_k10_0014.fzn,experiments/20260605-18.05.57.686725-pumpkin-v3/236,OPTIMAL,1,8.47,0.13,415,114009,0.066563525,530,115,0,415,1,1,2,415,minimize,530
pumpkin-v3/opt/n20_k10/instance_n20_k10_0020.fzn,experiments/20260605-18.05.57.686725-pumpkin-v3/228,OPTIMAL,1,0.4,0.25,1225,154731,0.177342225,1682,181,0,1225,4.285714285714286,26.69795918367347,13.366530612244897,451,minimize,1682
pumpkin-v3/opt/n20_k10/instance_n20_k10_0003.fzn,experiments/20260605-18.05.57.686725-pumpkin-v3/238,OPTIMAL,1,7.4,0.11,333,95183,0.037333234,412,79,0,333,1.006006006006006,1.0690690690690692,2.045045045045045,331,minimize,412
pumpkin-v3/opt/n20_k10/instance_n20_k10_0017.fzn,experiments/20260605-18.05.57.686725-pumpkin-v3/230,OPTIMAL,1,0.29,0.11,380,95847,0.039363886,501,117,0,380,1.0394736842105263,1.1789473684210525,2.0052631578947366,378,minimize,501
pumpkin-v3/opt/n20_k10/instance_n20_k10_0029.fzn,experiments/20260605-18.05.57.686725-pumpkin-v3/216,OPTIMAL,1,7.96,0.14,512,133003,0.040274628,688,176,0,512,1,1,2,512,minimize,688
pumpkin-v3/opt/n20_k10/instance_n20_k10_0006.fzn,experiments/20260605-18.05.57.686725-pumpkin-v3/241,OPTIMAL,1,7.02,0.15,609,158309,0.065146157,795,185,0,609,1.19376026272578,2.535303776683087,3.7110016420361247,582,minimize,795
pumpkin-v3/opt/n20_k5/instance_n20_k5_0011.fzn,experiments/20260605-18.05.57.686725-pumpkin-v3/339,OPTIMAL,1,4.88,0.1,367,38163,0.017768544,456,89,0,367,1,1,2,367,minimize,456
pumpkin-v3/opt/n20_k10/instance_n20_k10_0026.fzn,experiments/20260605-18.05.57.686725-pumpkin-v3/244,OPTIMAL,1,7.64,0.13,393,112919,0.056246876,503,102,0,393,1.2697201017811706,5.99236641221374,2.6463104325699747,355,minimize,503
pumpkin-v3/opt/n20_k5/instance_n20_k5_0017.fzn,experiments/20260605-18.05.57.686725-pumpkin-v3/316,OPTIMAL,1,7.1,0.1,379,39401,0.018902104,486,102,0,379,1.0343007915567282,1.0554089709762533,2,378,minimize,486
pumpkin-v3/opt/n20_k5/instance_n20_k5_0002.fzn,experiments/20260605-18.05.57.686725-pumpkin-v3/325,OPTIMAL,1,5.71,0.11000000000000001,414,47228,0.022502577,501,82,0,414,1.041062801932367,1.144927536231884,2.0434782608695654,410,minimize,501
pumpkin-v3/opt/n20_k5/instance_n20_k5_0014.fzn,experiments/20260605-18.05.57.686725-pumpkin-v3/317,OPTIMAL,1,7.06,0.11,419,47550,0.02174921,532,87,0,419,1.0429594272076372,1.1241050119331741,2.052505966587112,415,minimize,532
pumpkin-v3/opt/n20_k10/instance_n20_k10_0025.fzn,experiments/20260605-18.05.57.686725-pumpkin-v3/218,OPTIMAL,1,11.52,0.6699999999999999,4038,285269,0.559618717,4501,117,0,4038,6.400445765230312,28.912332838038633,9.965824665676077,408,minimize,4501
pumpkin-v3/opt/n20_k5/instance_n20_k5_0013.fzn,experiments/20260605-18.05.57.686725-pumpkin-v3/321,OPTIMAL,1,5.86,0.08,329,37439,0.020576037,397,67,0,329,1.237082066869301,2.066869300911854,2.5440729483282674,314,minimize,397
pumpkin-v3/opt/n20_k5/instance_n20_k5_0026.fzn,experiments/20260605-18.05.57.686725-pumpkin-v3/331,OPTIMAL,1,8.99,0.1,378,52563,0.028184334,474,90,0,378,1.1481481481481481,2.074074074074074,2.177248677248677,355,minimize,474
pumpkin-v3/opt/n20_k5/instance_n20_k5_0019.fzn,experiments/20260605-18.05.57.686725-pumpkin-v3/335,OPTIMAL,1,9.25,0.13,379,45939,0.020007808,467,88,0,379,1.0052770448548813,1.0527704485488127,2.1266490765171504,377,minimize,467
pumpkin-v3/opt/n20_k5/instance_n20_k5_0015.fzn,experiments/20260605-18.05.57.686725-pumpkin-v3/328,OPTIMAL,1,9.26,0.11,419,46794,0.019522992,543,117,0,419,1.0525059665871122,1.1312649164677804,2.0405727923627683,416,minimize,543
pumpkin-v3/opt/n20_k5/instance_n20_k5_0000.fzn,experiments/20260605-18.05.57.686725-pumpkin-v3/336,OPTIMAL,1,6.68,0.1,365,44380,0.016689213,445,80,0,365,1.0328767123287672,1.1205479452054794,2.0054794520547947,363,minimize,445
pumpkin-v3/opt/n20_k5/instance_n20_k5_0012.fzn,experiments/20260605-18.05.57.686725-pumpkin-v3/312,OPTIMAL,1,7.16,0.15,932,57561,0.089676382,1162,92,0,932,4.759656652360515,11.736051502145923,5.01824034334764,385,minimize,1162
pumpkin-v3/opt/n20_k5/instance_n20_k5_0003.fzn,experiments/20260605-18.05.57.686725-pumpkin-v3/322,OPTIMAL,1,5.63,0.1,333,42245,0.018911813,405,72,0,333,1.006006006006006,1.042042042042042,2.045045045045045,331,minimize,405
pumpkin-v3/opt/n20_k5/instance_n20_k5_0009.fzn,experiments/20260605-18.05.57.686725-pumpkin-v3/315,OPTIMAL,1,7.25,0.11000000000000001,401,48710,0.01963448,486,85,0,401,1,1,2,401,minimize,486
pumpkin-v3/opt/n20_k5/instance_n20_k5_0028.fzn,experiments/20260605-18.05.57.686725-pumpkin-v3/314,OPTIMAL,1,7.16,0.14,698,64923,0.059616478,851,97,0,698,3.5830945558739256,8.555873925501432,5.760744985673353,427,minimize,851
pumpkin-v3/opt/n20_k5/instance_n20_k5_0024.fzn,experiments/20260605-18.05.57.686725-pumpkin-v3/340,OPTIMAL,1,6.56,0.11000000000000001,404,51252,0.026168518,549,81,0,404,1.193069306930693,1.9826732673267327,2.3415841584158414,376,minimize,549
pumpkin-v3/opt/n20_k5/instance_n20_k5_0010.fzn,experiments/20260605-18.05.57.686725-pumpkin-v3/318,OPTIMAL,1,7.35,0.12,406,49452,0.029373056,552,88,0,406,1.6182266009852218,3.187192118226601,2.896551724137931,355,minimize,552
pumpkin-v3/opt/n20_k5/instance_n20_k5_0029.fzn,experiments/20260605-18.05.57.686725-pumpkin-v3/337,OPTIMAL,1,6.56,0.09,512,56679,0.023453456,619,107,0,512,1,1,2,512,minimize,619
pumpkin-v3/opt/n20_k5/instance_n20_k5_0008.fzn,experiments/20260605-18.05.57.686725-pumpkin-v3/326,OPTIMAL,1,5.56,0.1,358,49187,0.023813046,433,71,0,358,1.0279329608938548,1.0670391061452513,2.0391061452513966,356,minimize,433
pumpkin-v3/opt/n20_k5/instance_n20_k5_0005.fzn,experiments/20260605-18.05.57.686725-pumpkin-v3/330,OPTIMAL,1,7.64,0.13,440,57511,0.031104003,542,99,0,440,1.0545454545454545,1.2840909090909092,2.0045454545454544,436,minimize,542
pumpkin-v3/opt/n20_k5/instance_n20_k5_0020.fzn,experiments/20260605-18.05.57.686725-pumpkin-v3/329,OPTIMAL,1,8.88,0.14,889,59538,0.073956787,1070,136,0,889,2.2283464566929134,3.3824521934758156,4.475815523059618,627,minimize,1070
pumpkin-v3/opt/n20_k5/instance_n20_k5_0004.fzn,experiments/20260605-18.05.57.686725-pumpkin-v3/323,OPTIMAL,1,3.55,0.09,386,44701,0.017703894,485,99,0,386,1,1,2,386,minimize,485
pumpkin-v3/opt/n20_k5/instance_n20_k5_0022.fzn,experiments/20260605-18.05.57.686725-pumpkin-v3/334,OPTIMAL,1,8.96,0.16,401,51009,0.026421224,532,87,0,401,1.3341645885286784,2.14713216957606,2.5935162094763093,376,minimize,532
pumpkin-v3/opt/n20_k5/instance_n20_k5_0001.fzn,experiments/20260605-18.05.57.686725-pumpkin-v3/338,OPTIMAL,1,4.91,0.1,343,46584,0.025191054,436,69,0,343,1.1253644314868805,1.845481049562682,2.6472303206997085,322,minimize,436
pumpkin-v3/opt/n20_k5/instance_n20_k5_0006.fzn,experiments/20260605-18.05.57.686725-pumpkin-v3/313,OPTIMAL,1,6.95,0.13,590,57013,0.027545207,698,107,0,590,1.0186440677966102,1.123728813559322,2.5152542372881355,582,minimize,698
pumpkin-v3/opt/n20_k5/instance_n20_k5_0023.fzn,experiments/20260605-18.05.57.686725-pumpkin-v3/324,OPTIMAL,1,5.66,0.12000000000000001,379,44925,0.023617347,468,84,0,379,1.071240105540897,1.1372031662269129,2.0395778364116093,375,minimize,468
pumpkin-v3/opt/n20_k5/instance_n20_k5_0007.fzn,experiments/20260605-18.05.57.686725-pumpkin-v3/332,OPTIMAL,1,9.02,0.09,313,37438,0.015851486,379,66,0,313,1.0031948881789137,1.02555910543131,2,312,minimize,379
pumpkin-v3/opt/n20_k5/instance_n20_k5_0021.fzn,experiments/20260605-18.05.57.686725-pumpkin-v3/311,OPTIMAL,1,0.47,0.08,389,43999,0.02050193,486,78,0,389,1.0925449871465296,1.467866323907455,2.0745501285347046,380,minimize,486
pumpkin-v3/opt/n20_k5/instance_n20_k5_0016.fzn,experiments/20260605-18.05.57.686725-pumpkin-v3/333,OPTIMAL,1,9.0,0.13,339,38989,0.016171453,421,79,0,339,1.0678466076696165,1.2713864306784661,2.0353982300884956,334,minimize,421
pumpkin-v3/opt/n20_k5/instance_n20_k5_0018.fzn,experiments/20260605-18.05.57.686725-pumpkin-v3/320,OPTIMAL,1,5.78,0.1,397,46870,0.024817767,494,87,0,397,1.0957178841309825,1.234256926952141,2.042821158690176,387,minimize,494
pumpkin-v3/opt/n50_k10/instance_n50_k10_0003.fzn,experiments/20260605-18.05.57.686725-pumpkin-v3/287,ERROR,39,1672.24,1657.87,268315,12428599,88.695810367,305472,628,39,268315,12.90308033468125,46.603864860332074,21.33378678046326,235,minimize,
pumpkin-v3/opt/n20_k5/instance_n20_k5_0025.fzn,experiments/20260605-18.05.57.686725-pumpkin-v3/319,OPTIMAL,1,7.38,0.2,1252,66171,0.107429352,1476,105,0,1252,3.948083067092652,7.936900958466453,6.14776357827476,408,minimize,1476
pumpkin-v3/opt/n50_k10/instance_n50_k10_0006.fzn,experiments/20260605-18.05.57.686725-pumpkin-v3/297,OPTIMAL,2,15.63,7.869999999999999,21481,1288167,7.787134098,22617,407,2,21481,16.025045388948374,57.635957357664914,43.41366789255621,202,minimize,22387
pumpkin-v3/opt/n50_k10/instance_n50_k10_0019.fzn,experiments/20260605-18.05.57.686725-pumpkin-v3/292,OPTIMAL,1,6.69,0.33999999999999997,854,154928,0.252920191,1758,441,0,854,6.11943793911007,41.375878220140514,12.586651053864168,258,minimize,1758
pumpkin-v3/opt/n50_k10/instance_n50_k10_0020.fzn,experiments/20260605-18.05.57.686725-pumpkin-v3/307,OPTIMAL,1,6.6,6.36,18068,1273471,6.297238383,19891,550,2,18068,21.98931813150321,62.450907682089884,33.140524684525126,242,minimize,19532
pumpkin-v3/opt/n50_k10/instance_n50_k10_0004.fzn,experiments/20260605-18.05.57.686725-pumpkin-v3/300,OPTIMAL,1,7.09,0.15,255,117960,0.054592611,568,304,0,255,1.1568627450980393,1.4549019607843137,2.1411764705882352,253,minimize,568
pumpkin-v3/opt/n20_k5/instance_n20_k5_0027.fzn,experiments/20260605-18.05.57.686725-pumpkin-v3/327,OPTIMAL,1,5.76,0.1,429,51625,0.031307483,552,100,0,429,1.9067599067599068,2.6946386946386944,3.128205128205128,391,minimize,552
pumpkin-v3/opt/n50_k10/instance_n50_k10_0017.fzn,experiments/20260605-18.05.57.686725-pumpkin-v3/293,OPTIMAL,1,7.95,0.24000000000000002,459,144954,0.144001566,1012,400,0,459,4.932461873638344,34.64052287581699,20.0239651416122,265,minimize,1012
pumpkin-v3/opt/n50_k10/instance_n50_k10_0007.fzn,experiments/20260605-18.05.57.686725-pumpkin-v3/308,OPTIMAL,11,5.6,5.41,15738,913916,5.344358991,25539,554,33,15738,16.117994662600076,67.99237514296607,27.26706061761342,244,minimize,12040
pumpkin-v3/opt/n50_k10/instance_n50_k10_0008.fzn,experiments/20260605-18.05.57.686725-pumpkin-v3/309,OPTIMAL,1,0.38,0.22,475,160479,0.13833616,902,338,0,475,13.153684210526317,37.461052631578944,3.9768421052631577,274,minimize,902
pumpkin-v3/opt/n50_k10/instance_n50_k10_0005.fzn,experiments/20260605-18.05.57.686725-pumpkin-v3/286,OPTIMAL,1,6.92,0.49,1689,224777,0.390992266,2529,431,0,1689,6.078152753108348,26.274718768502073,9.607460035523978,303,minimize,2529
pumpkin-v3/opt/n50_k10/instance_n50_k10_0015.fzn,experiments/20260605-18.05.57.686725-pumpkin-v3/305,OPTIMAL,1,0.56,0.37,885,209022,0.30302018,1346,383,0,885,19.45536723163842,38.85197740112994,21.774011299435028,304,minimize,1346
pumpkin-v3/opt/n50_k10/instance_n50_k10_0010.fzn,experiments/20260605-18.05.57.686725-pumpkin-v3/301,OPTIMAL,1,7.06,0.16,246,119435,0.05662483,615,290,0,246,1.613821138211382,2.4715447154471546,2.434959349593496,238,minimize,615
pumpkin-v3/opt/n50_k10/instance_n50_k10_0014.fzn,experiments/20260605-18.05.57.686725-pumpkin-v3/294,OPTIMAL,2,10.14,2.5,10272,598525,2.409226033,12357,517,6,10272,15.090245327102803,31.87402647975078,18.431756230529594,291,minimize,11835
pumpkin-v3/opt/n50_k10/instance_n50_k10_0016.fzn,experiments/20260605-18.05.57.686725-pumpkin-v3/306,OPTIMAL,1,0.57,0.21,419,138076,0.132822023,890,343,0,419,8.9618138424821,44.54415274463007,3.2338902147971362,239,minimize,890
pumpkin-v3/opt/n50_k10/instance_n50_k10_0011.fzn,experiments/20260605-18.05.57.686725-pumpkin-v3/291,OPTIMAL,7,124.39,117.81,241362,11418975,118.080898009,255884,565,7,241362,21.222015064508913,60.54970542173167,41.30489472245009,214,minimize,35521
pumpkin-v3/opt/n50_k10/instance_n50_k10_0023.fzn,experiments/20260605-18.05.57.686725-pumpkin-v3/304,OPTIMAL,1,7.14,0.19,263,141836,0.077104464,560,266,0,263,1.6996197718631179,3.5019011406844105,2.041825095057034,254,minimize,560
pumpkin-v3/opt/n50_k10/instance_n50_k10_0022.fzn,experiments/20260605-18.05.57.686725-pumpkin-v3/298,OPTIMAL,1,10.13,3.02,9143,574658,3.073259127,10229,302,0,9143,18.497320354369464,50.55496007874877,25.419774691020454,222,minimize,10229
pumpkin-v3/opt/n50_k10/instance_n50_k10_0001.fzn,experiments/20260605-18.05.57.686725-pumpkin-v3/295,OPTIMAL,1,7.33,0.56,1232,207416,0.483099945,1941,424,0,1232,32.13474025974026,73.44318181818181,19.50974025974026,303,minimize,1941
pumpkin-v3/opt/n50_k10/instance_n50_k10_0012.fzn,experiments/20260605-18.05.57.686725-pumpkin-v3/303,OPTIMAL,2,11.63,4.71,13916,1233847,4.607676629,15953,403,2,13916,16.710980166714574,62.27270767461914,21.56618281115263,209,minimize,13535
pumpkin-v3/opt/n50_k10/instance_n50_k10_0021.fzn,experiments/20260605-18.05.57.686725-pumpkin-v3/302,OPTIMAL,1,7.12,0.24000000000000002,392,154104,0.133607086,1053,386,0,392,2.9056122448979593,25.114795918367346,5.663265306122449,249,minimize,1053
pumpkin-v3/opt/n50_k10/instance_n50_k10_0009.fzn,experiments/20260605-18.05.57.686725-pumpkin-v3/290,ERROR,63,1727.4,1713.44,27990,1760502,9.965125165,67056,627,71,27990,9.15166130760986,49.6509467667024,20.673919256877458,230,minimize,
pumpkin-v3/opt/n50_k10/instance_n50_k10_0018.fzn,experiments/20260605-18.05.57.686725-pumpkin-v3/310,OPTIMAL,1,0.94,0.7200000000000001,2127,240663,0.63027867,2978,388,0,2127,6.69158439116126,46.93606017865538,14.487541137752704,257,minimize,2978
pumpkin-v3/opt/n50_k10/instance_n50_k10_0002.fzn,experiments/20260605-18.05.57.686725-pumpkin-v3/288,OPTIMAL,1,6.34,0.13,257,110189,0.057620095,587,305,0,257,1.2256809338521402,2.0505836575875485,2.3540856031128405,251,minimize,587
pumpkin-v3/opt/n50_k10/instance_n50_k10_0024.fzn,experiments/20260605-18.05.57.686725-pumpkin-v3/296,OPTIMAL,3,13.13,5.529999999999999,16367,817321,5.59588479,19825,543,7,16367,15.816704344107045,46.47980692857579,28.506690291440094,228,minimize,18070
pumpkin-v3/opt/n50_k10/instance_n50_k10_0000.fzn,experiments/20260605-18.05.57.686725-pumpkin-v3/299,OPTIMAL,1,7.15,0.2,301,149894,0.085511735,764,379,0,301,2.833887043189369,5.0664451827242525,3.2757475083056478,271,minimize,764
pumpkin-v3/opt/n50_k3/instance_n50_k3_0021.fzn,experiments/20260605-18.05.57.686725-pumpkin-v3/166,OPTIMAL,1,134.83,133.95,194651,6334436,134.339090285,211677,162,260,194651,9.185013177430376,36.526948230422654,37.22175586048877,883,minimize,21694
pumpkin-v3/opt/n50_k3/instance_n50_k3_0022.fzn,experiments/20260605-18.05.57.686725-pumpkin-v3/167,OPTIMAL,1,0.52,0.13999999999999999,466,34251,0.085498735,702,157,0,466,2.4012875536480687,6.1072961373390555,6.118025751072961,343,minimize,702
pumpkin-v3/opt/n50_k10/instance_n50_k10_0013.fzn,experiments/20260605-18.05.57.686725-pumpkin-v3/289,OPTIMAL,1,5.99,0.14,280,99469,0.053874833,756,454,0,280,1.4035714285714285,1.7607142857142857,2.3035714285714284,276,minimize,756
pumpkin-v3/opt/n50_k3/instance_n50_k3_0018.fzn,experiments/20260605-18.05.57.686725-pumpkin-v3/170,OPTIMAL,1,8.06,3.33,10449,313470,3.251714031,11293,179,3,10449,11.520049765527801,34.271987750023925,33.994162120777105,698,minimize,11293
pumpkin-v3/opt/n50_k3/instance_n50_k3_0012.fzn,experiments/20260605-18.05.57.686725-pumpkin-v3/169,OPTIMAL,1,1.8,0.14,516,44302,0.081155633,719,166,0,516,1.251937984496124,1.9767441860465116,5.077519379844961,470,minimize,719
pumpkin-v3/opt/n50_k3/instance_n50_k3_0010.fzn,experiments/20260605-18.05.57.686725-pumpkin-v3/168,OPTIMAL,1,8.04,6.25,19182,625981,6.230911321,20250,167,12,19182,8.726514440621417,38.2704097591492,41.57340214784694,276,minimize,11317
pumpkin-v3/opt/n50_k3/instance_n50_k3_0009.fzn,experiments/20260605-18.05.57.686725-pumpkin-v3/171,OPTIMAL,1,4.9,0.21000000000000002,523,45640,0.091063682,724,167,0,523,1.5659655831739963,2.705544933078394,4.18546845124283,427,minimize,724
pumpkin-v3/opt/n50_k3/instance_n50_k3_0017.fzn,experiments/20260605-18.05.57.686725-pumpkin-v3/174,OPTIMAL,1,4.99,0.24,662,47350,0.180864529,898,173,0,662,2.706948640483384,6.380664652567976,3.8836858006042294,393,minimize,898
pumpkin-v3/opt/n50_k3/instance_n50_k3_0002.fzn,experiments/20260605-18.05.57.686725-pumpkin-v3/172,OPTIMAL,1,4.97,0.18,585,41233,0.110436634,885,177,0,585,4.312820512820513,11.362393162393163,11.189743589743589,304,minimize,885
pumpkin-v3/opt/n50_k3/instance_n50_k3_0006.fzn,experiments/20260605-18.05.57.686725-pumpkin-v3/176,OPTIMAL,2,78.28,73.4,188593,5505312,73.491808004,202081,186,119,188593,9.495341820746264,41.48153961175653,38.702915802813465,592,minimize,11506
pumpkin-v3/opt/n50_k3/instance_n50_k3_0001.fzn,experiments/20260605-18.05.57.686725-pumpkin-v3/177,OPTIMAL,1,4.87,0.32999999999999996,953,63277,0.250044616,1246,164,0,953,2.167890870933893,4.10912906610703,4.793284365162644,751,minimize,1246
pumpkin-v3/opt/n50_k3/instance_n50_k3_0014.fzn,experiments/20260605-18.05.57.686725-pumpkin-v3/175,OPTIMAL,1,4.9,0.34,1377,60885,0.222489115,1714,186,0,1377,3.821350762527233,9.51270878721859,9.468409586056644,912,minimize,1714
pumpkin-v3/opt/n50_k3/instance_n50_k3_0003.fzn,experiments/20260605-18.05.57.686725-pumpkin-v3/173,OPTIMAL,1,4.91,0.25,800,46787,0.128148457,1081,159,0,800,2.36875,4.865,4.97,605,minimize,1081
pumpkin-v3/opt/n50_k3/instance_n50_k3_0023.fzn,experiments/20260605-18.05.57.686725-pumpkin-v3/179,OPTIMAL,1,7.25,1.8,5234,197949,1.8340182729999999,5816,175,0,5234,8.364730607565916,30.966564768819257,29.023691249522354,478,minimize,5816
pumpkin-v3/opt/n50_k3/instance_n50_k3_0015.fzn,experiments/20260605-18.05.57.686725-pumpkin-v3/181,OPTIMAL,1,5.4,0.24,874,55178,0.098649439,1109,162,0,874,2.0034324942791764,3.1155606407322654,4.38558352402746,781,minimize,1109
pumpkin-v3/opt/n50_k3/instance_n50_k3_0024.fzn,experiments/20260605-18.05.57.686725-pumpkin-v3/178,OPTIMAL,1,5.03,0.25,1032,54026,0.191211956,1360,163,0,1032,2.647286821705426,8.157945736434108,6.968023255813954,665,minimize,1360
pumpkin-v3/opt/n50_k3/instance_n50_k3_0004.fzn,experiments/20260605-18.05.57.686725-pumpkin-v3/180,OPTIMAL,1,5.48,0.21000000000000002,550,44189,0.110061455,768,175,0,550,1.5909090909090908,3.3581818181818184,3.8581818181818184,450,minimize,768
pumpkin-v3/opt/n50_k3/instance_n50_k3_0020.fzn,experiments/20260605-18.05.57.686725-pumpkin-v3/183,OPTIMAL,1,5.69,0.36,1180,71814,0.259610563,1569,165,0,1180,3.0042372881355934,6.807627118644068,8.173728813559322,843,minimize,1569
pumpkin-v3/opt/n50_k3/instance_n50_k3_0008.fzn,experiments/20260605-18.05.57.686725-pumpkin-v3/184,OPTIMAL,2,9.11,3.8299999999999996,13012,360870,3.741010469,13986,159,2,13012,9.262142637565324,38.64048570550261,38.813018751921305,599,minimize,13709
pumpkin-v3/opt/n50_k3/instance_n50_k3_0011.fzn,experiments/20260605-18.05.57.686725-pumpkin-v3/182,OPTIMAL,4,9.49,4.25,13093,406007,4.14770478,14820,180,7,13093,9.02848850530818,33.884212938211256,36.145726724203776,459,minimize,11134
pumpkin-v3/opt/n50_k3/instance_n50_k3_0007.fzn,experiments/20260605-18.05.57.686725-pumpkin-v3/185,OPTIMAL,1,5.56,0.27,904,52438,0.210748313,1249,164,0,904,3.293141592920354,6.977876106194691,4.384955752212389,532,minimize,1249
pumpkin-v3/opt/n50_k3/instance_n50_k3_0016.fzn,experiments/20260605-18.05.57.686725-pumpkin-v3/186,OPTIMAL,1,2.27,0.16999999999999998,746,54500,0.119808563,1009,189,0,746,1.2453083109919572,1.8632707774798927,3.5,683,minimize,1009
pumpkin-v3/opt/n50_k3/instance_n50_k3_0019.fzn,experiments/20260605-18.05.57.686725-pumpkin-v3/189,OPTIMAL,1,2.02,0.12,386,33972,0.049252241,669,169,0,386,2.233160621761658,4.349740932642487,3.116580310880829,280,minimize,669
pumpkin-v3/opt/n50_k3/instance_n50_k3_0013.fzn,experiments/20260605-18.05.57.686725-pumpkin-v3/190,OPTIMAL,1,1.92,0.18,468,35181,0.076654115,715,158,0,468,2.6923076923076925,5.2756410256410255,3.4188034188034186,343,minimize,715
pumpkin-v3/opt/n50_k3/instance_n50_k3_0000.fzn,experiments/20260605-18.05.57.686725-pumpkin-v3/187,OPTIMAL,1,2.08,0.15,438,43250,0.075220187,691,157,0,438,4.360730593607306,10.915525114155251,5.639269406392694,271,minimize,691
pumpkin-v3/opt/n50_k3/instance_n50_k3_0005.fzn,experiments/20260605-18.05.57.686725-pumpkin-v3/188,OPTIMAL,1,5.2,3.2,11505,370130,3.134284186,12041,149,1,11505,8.35567144719687,35.28996088657106,36.75063016079965,574,minimize,11411
pumpkin-v3/opt/n100_k10/instance_n100_k10_0008.fzn,experiments/20260605-18.05.57.686725-pumpkin-v3/344,OPTIMAL,1,9.96,1.98,1688,242635,1.860396489,3148,859,0,1688,55.72334123222749,135.60308056872037,26.545023696682463,229,minimize,3148
pumpkin-v3/opt/n100_k10/instance_n100_k10_0018.fzn,experiments/20260605-18.05.57.686725-pumpkin-v3/356,OPTIMAL,1,9.24,1.04,1379,204505,0.920261146,2225,641,0,1379,21.463379260333575,59.97389412617839,15.298042059463379,166,minimize,2225
pumpkin-v3/opt/n100_k10/instance_n100_k10_0012.fzn,experiments/20260605-18.05.57.686725-pumpkin-v3/348,OPTIMAL,2,113.96,105.52000000000001,89316,4661383,105.785188713,93787,883,1,89316,52.111648528819025,109.89663666084464,87.38014465493305,202,minimize,92919
pumpkin-v3/opt/n100_k10/instance_n100_k10_0011.fzn,experiments/20260605-18.05.57.686725-pumpkin-v3/358,OPTIMAL,5,517.07,506.88,381135,15884427,508.635189524,397817,1081,9,381135,45.986385401498154,103.87299775670039,84.91096855444921,190,minimize,15181
pumpkin-v3/opt/n100_k10/instance_n100_k10_0004.fzn,experiments/20260605-18.05.57.686725-pumpkin-v3/353,OPTIMAL,1,8.71,0.36,351,151242,0.26205349,1295,764,0,351,8.068376068376068,52.9059829059829,2.3561253561253563,187,minimize,1295
pumpkin-v3/opt/n100_k10/instance_n100_k10_0015.fzn,experiments/20260605-18.05.57.686725-pumpkin-v3/355,OPTIMAL,1,8.59,0.42,364,152817,0.295461469,1662,734,0,364,8.851648351648352,40.994505494505496,5.791208791208791,196,minimize,1662
pumpkin-v3/opt/n100_k10/instance_n100_k10_0010.fzn,experiments/20260605-18.05.57.686725-pumpkin-v3/357,OPTIMAL,1,8.7,0.36,401,146462,0.240085083,1146,661,0,401,12.945137157107231,25.576059850374065,13.571072319201996,186,minimize,1146
pumpkin-v3/opt/n100_k10/instance_n100_k10_0016.fzn,experiments/20260605-18.05.57.686725-pumpkin-v3/345,OPTIMAL,1,8.68,0.49,471,138235,0.392740443,1491,719,0,471,13.819532908704883,70.01910828025478,13.910828025477707,175,minimize,1491
pumpkin-v3/opt/n100_k10/instance_n100_k10_0001.fzn,experiments/20260605-18.05.57.686725-pumpkin-v3/349,OPTIMAL,1,10.0,1.9100000000000001,3062,283966,1.804254215,4197,565,0,3062,7.035924232527759,48.07935989549314,16.19823644676682,163,minimize,4197
pumpkin-v3/opt/n100_k10/instance_n100_k10_0000.fzn,experiments/20260605-18.05.57.686725-pumpkin-v3/359,OPTIMAL,1,7.99,0.23,194,133976,0.12813073,1070,747,0,194,1.422680412371134,2.2989690721649483,2.020618556701031,191,minimize,1070
pumpkin-v3/opt/n100_k10/instance_n100_k10_0007.fzn,experiments/20260605-18.05.57.686725-pumpkin-v3/341,OPTIMAL,7,18.59,12.0,16496,940484,11.923019555,28783,1018,8,16496,36.563045586808926,78.6547647914646,25.578443258971873,207,minimize,17947
pumpkin-v3/opt/n100_k10/instance_n100_k10_0006.fzn,experiments/20260605-18.05.57.686725-pumpkin-v3/350,OPTIMAL,1,9.39,1.34,1315,186699,1.192086277,2433,568,0,1315,30.968821292775665,86.6532319391635,27.126996197718633,174,minimize,2433
pumpkin-v3/opt/n100_k10/instance_n100_k10_0019.fzn,experiments/20260605-18.05.57.686725-pumpkin-v3/352,OPTIMAL,2,27.78,19.34,22249,799396,19.282907437,26284,1057,3,22249,51.08634095914423,88.12310665647894,70.06224998876354,208,minimize,25238
pumpkin-v3/opt/n100_k10/instance_n100_k10_0017.fzn,experiments/20260605-18.05.57.686725-pumpkin-v3/343,OPTIMAL,2,18.22,11.62,14552,775303,11.521359708,17793,800,2,14552,25.694131390874105,77.84696261682242,43.92138537658054,157,minimize,16965
pumpkin-v3/opt/n100_k10/instance_n100_k10_0003.fzn,experiments/20260605-18.05.57.686725-pumpkin-v3/346,OPTIMAL,2,346.62,320.26,241070,9405643,338.310627827,252768,994,1,241070,41.1114406603891,95.20949516737878,74.35819886340067,165,minimize,252076
pumpkin-v3/opt/n100_k10/instance_n100_k10_0014.fzn,experiments/20260605-18.05.57.686725-pumpkin-v3/342,OPTIMAL,1,7.15,0.74,732,154427,0.626231962,2016,805,0,732,16.334699453551913,111.72540983606558,9.900273224043715,201,minimize,2016
pumpkin-v3/opt/n100_k10/instance_n100_k10_0005.fzn,experiments/20260605-18.05.57.686725-pumpkin-v3/347,SATISFIABLE,37,1800.0,1800.0,2202273,77865471,1793.21079268,2462307,1070,2648,2202273,11.028271699285238,48.65591232331323,19.451109830615913,171,minimize,11980
pumpkin-v3/opt/n100_k10/instance_n100_k10_0009.fzn,experiments/20260605-18.05.57.686725-pumpkin-v3/351,OPTIMAL,1,8.35,0.24,200,134789,0.110796647,1095,745,0,200,1.78,3.45,2.21,190,minimize,1095
pumpkin-v3/opt/n100_k10/instance_n100_k10_0013.fzn,experiments/20260605-18.05.57.686725-pumpkin-v3/354,OPTIMAL,1,10.3,2.05,2330,222210,1.941932295,3526,907,0,2330,34.649356223175964,134.4145922746781,20.748497854077254,195,minimize,3526
pumpkin-v3/opt/n20_k3/instance_n20_k3_0003.fzn,experiments/20260605-18.05.57.686725-pumpkin-v3/28,OPTIMAL,1,0.48,0.06,333,24803,0.009274104,386,53,0,333,1.006006006006006,1.018018018018018,2.045045045045045,331,minimize,386
pumpkin-v3/opt/n20_k3/instance_n20_k3_0012.fzn,experiments/20260605-18.05.57.686725-pumpkin-v3/27,OPTIMAL,1,0.44,0.12,981,49128,0.067199413,1112,76,0,981,2.489296636085627,4.942915392456677,6.243628950050969,587,minimize,1112
pumpkin-v3/opt/n100_k10/instance_n100_k10_0002.fzn,experiments/20260605-18.05.57.686725-pumpkin-v3/360,SATISFIABLE,1,1801.14,1722.34,1270287,62735301,1797.371336139,1302347,808,6,1270287,46.442824338122016,102.47257194633968,79.45727933923594,181,minimize,14226
pumpkin-v3/opt/n20_k3/instance_n20_k3_0007.fzn,experiments/20260605-18.05.57.686725-pumpkin-v3/29,OPTIMAL,1,0.42,0.07,325,22385,0.010881672,389,62,0,325,1.0153846153846153,1.0553846153846154,2.003076923076923,322,minimize,389
pumpkin-v3/opt/n20_k3/instance_n20_k3_0002.fzn,experiments/20260605-18.05.57.686725-pumpkin-v3/50,OPTIMAL,1,6.28,0.11000000000000001,980,40885,0.034107209,1085,68,0,980,1.1306122448979592,1.2040816326530612,2.126530612244898,942,minimize,1085
pumpkin-v3/opt/n20_k3/instance_n20_k3_0011.fzn,experiments/20260605-18.05.57.686725-pumpkin-v3/46,OPTIMAL,1,6.04,0.15000000000000002,685,29389,0.027159485,795,68,0,685,1.1284671532846715,1.3021897810218979,2.2364963503649635,641,minimize,795
pumpkin-v3/opt/n20_k3/instance_n20_k3_0026.fzn,experiments/20260605-18.05.57.686725-pumpkin-v3/22,OPTIMAL,1,7.88,0.11000000000000001,786,37189,0.030903334,906,67,0,786,1.159033078880407,1.3791348600508906,3.994910941475827,742,minimize,906
pumpkin-v3/opt/n20_k3/instance_n20_k3_0028.fzn,experiments/20260605-18.05.57.686725-pumpkin-v3/33,OPTIMAL,1,2.85,0.1,476,30984,0.019105279,546,69,0,476,1.0399159663865547,1.1092436974789917,2.430672268907563,465,minimize,546
pumpkin-v3/opt/n20_k3/instance_n20_k3_0023.fzn,experiments/20260605-18.05.57.686725-pumpkin-v3/35,OPTIMAL,1,3.02,0.09,387,25365,0.0141822,460,68,0,387,1.124031007751938,1.2945736434108528,2.2842377260981914,375,minimize,460
pumpkin-v3/opt/n20_k3/instance_n20_k3_0009.fzn,experiments/20260605-18.05.57.686725-pumpkin-v3/38,OPTIMAL,1,3.05,0.09000000000000001,631,37692,0.031503407,737,84,0,631,1.2202852614896988,1.6212361331220286,2.801901743264659,569,minimize,737
pumpkin-v3/opt/n20_k3/instance_n20_k3_0025.fzn,experiments/20260605-18.05.57.686725-pumpkin-v3/39,OPTIMAL,1,5.54,0.15000000000000002,869,32729,0.035366581,946,72,0,869,1.2048331415420024,1.6939010356731876,2.7663981588032223,804,minimize,946
pumpkin-v3/opt/n20_k3/instance_n20_k3_0008.fzn,experiments/20260605-18.05.57.686725-pumpkin-v3/43,OPTIMAL,1,5.87,0.16,357,28452,0.01693178,407,49,0,357,1.0084033613445378,1.0308123249299719,2.0252100840336134,356,minimize,407
pumpkin-v3/opt/n20_k3/instance_n20_k3_0015.fzn,experiments/20260605-18.05.57.686725-pumpkin-v3/41,OPTIMAL,1,6.13,0.12,942,38193,0.030620445,1015,64,0,942,1.0169851380042463,1.029723991507431,3.112526539278132,933,minimize,1015
pumpkin-v3/opt/n20_k3/instance_n20_k3_0017.fzn,experiments/20260605-18.05.57.686725-pumpkin-v3/23,OPTIMAL,1,6.86,0.1,426,23020,0.013707942,493,67,0,426,1.0093896713615023,1.0211267605633803,2.3380281690140845,424,minimize,493
pumpkin-v3/opt/n20_k3/instance_n20_k3_0018.fzn,experiments/20260605-18.05.57.686725-pumpkin-v3/49,OPTIMAL,1,6.29,0.12,534,27510,0.020902804,599,63,0,534,1.0393258426966292,1.1198501872659177,3.0692883895131087,519,minimize,599
pumpkin-v3/opt/n20_k3/instance_n20_k3_0001.fzn,experiments/20260605-18.05.57.686725-pumpkin-v3/45,OPTIMAL,1,5.35,0.14,772,34470,0.040314548,839,55,0,772,1.055699481865285,1.1567357512953367,2.069948186528497,747,minimize,839
pumpkin-v3/opt/n20_k3/instance_n20_k3_0010.fzn,experiments/20260605-18.05.57.686725-pumpkin-v3/47,OPTIMAL,1,6.1,0.13,485,32857,0.023481111,576,79,0,485,1.1175257731958763,1.3381443298969071,3.2742268041237113,458,minimize,576
pumpkin-v3/opt/n20_k3/instance_n20_k3_0004.fzn,experiments/20260605-18.05.57.686725-pumpkin-v3/31,OPTIMAL,1,2.45,0.11000000000000001,391,26983,0.013161325,464,67,0,391,1.0383631713554988,1.104859335038363,2.0358056265984654,386,minimize,464
pumpkin-v3/opt/n20_k3/instance_n20_k3_0019.fzn,experiments/20260605-18.05.57.686725-pumpkin-v3/40,OPTIMAL,1,6.6,0.11,392,24196,0.014067863,450,57,0,392,1.0739795918367347,1.3545918367346939,2.1096938775510203,377,minimize,450
pumpkin-v3/opt/n20_k3/instance_n20_k3_0000.fzn,experiments/20260605-18.05.57.686725-pumpkin-v3/34,OPTIMAL,1,3.05,0.09,363,22560,0.009815275,420,57,0,363,1,1,2,363,minimize,420
pumpkin-v3/opt/n20_k3/instance_n20_k3_0006.fzn,experiments/20260605-18.05.57.686725-pumpkin-v3/37,OPTIMAL,1,3.02,0.11,820,44870,0.042882304,933,75,0,820,1.5902439024390245,2.6658536585365855,3.8097560975609754,678,minimize,933
pumpkin-v3/opt/n20_k3/instance_n20_k3_0022.fzn,experiments/20260605-18.05.57.686725-pumpkin-v3/44,OPTIMAL,1,6.66,0.2,774,46016,0.081954427,885,66,0,774,3.0671834625322996,9.133074935400517,8.739018087855298,376,minimize,885
pumpkin-v3/opt/n20_k3/instance_n20_k3_0027.fzn,experiments/20260605-18.05.57.686725-pumpkin-v3/30,OPTIMAL,1,0.3,0.11,730,39897,0.045834211,833,70,0,730,1.6191780821917807,3.263013698630137,4.446575342465754,570,minimize,833
pumpkin-v3/opt/n20_k3/instance_n20_k3_0016.fzn,experiments/20260605-18.05.57.686725-pumpkin-v3/26,OPTIMAL,1,0.34,0.18,1028,56088,0.104444057,1154,67,0,1028,2.556420233463035,5.272373540856031,6.062256809338521,659,minimize,1154
pumpkin-v3/opt/n20_k3/instance_n20_k3_0013.fzn,experiments/20260605-18.05.57.686725-pumpkin-v3/24,OPTIMAL,1,7.58,0.09,533,33120,0.024013377,620,76,0,533,1.1163227016885553,1.427767354596623,3.1332082551594747,506,minimize,620
pumpkin-v3/opt/n20_k3/instance_n20_k3_0021.fzn,experiments/20260605-18.05.57.686725-pumpkin-v3/48,OPTIMAL,1,6.18,0.11000000000000001,457,26141,0.016133961,521,62,0,457,1.048140043763676,1.1028446389496718,2.490153172866521,443,minimize,521
pumpkin-v3/opt/n20_k3/instance_n20_k3_0029.fzn,experiments/20260605-18.05.57.686725-pumpkin-v3/32,OPTIMAL,1,2.56,0.08,553,31053,0.015973052,627,73,0,553,1.0162748643761301,1.0397830018083183,2.095840867992767,546,minimize,627
pumpkin-v3/opt/n20_k3/instance_n20_k3_0005.fzn,experiments/20260605-18.05.57.686725-pumpkin-v3/25,OPTIMAL,1,1.11,0.48000000000000004,3410,121228,0.424133427,3779,101,0,3410,5.5941348973607035,13.148680351906158,10.926686217008797,638,minimize,3779
pumpkin-v3/opt/n20_k3/instance_n20_k3_0014.fzn,experiments/20260605-18.05.57.686725-pumpkin-v3/36,OPTIMAL,1,2.96,0.08,416,27919,0.0116507,486,70,0,416,1.0096153846153846,1.0216346153846154,2.0024038461538463,415,minimize,486
pumpkin-v3/opt/n20_k3/instance_n20_k3_0020.fzn,experiments/20260605-18.05.57.686725-pumpkin-v3/42,OPTIMAL,1,5.76,0.15000000000000002,712,34508,0.056023267,822,77,0,712,2.615168539325843,5.567415730337078,7.09691011235955,403,minimize,822
pumpkin-v3/opt/n20_k3/instance_n20_k3_0024.fzn,experiments/20260605-18.05.57.686725-pumpkin-v3/21,OPTIMAL,1,6.88,0.14,937,43502,0.052291659,1040,70,0,937,1.648879402347919,3.1237993596584843,5.112059765208111,771,minimize,1040
