instance,directory,status,num_solutions,wall_clock_time,cpu_time,failures,propagations,solveTime,nodes,peakDepth,restarts,nogoods,AverageLbd,AverageLearnedNogoodLength,AverageConflictSize,NumUnitNogoodsLearned,circuitNumberPropagationsThatFoundConflict,circuitNumberTotalFixedEdgesAtConflict,circuitNumberNumberOfConflicts,circuitNumberPropagationsThatPruned,circuitNumberPropagationsTotal,allDifferentNumberTotalHallSetSize,allDifferentNumberNumberOfConflicts,allDifferentNumberMaxHallSetSize,allDifferentNumberPropagationsTotal,allDifferentNumberPropagationsThatFoundConflict,type,best_sol
pumpkin-v1/random/n150_p015/instance_n150_p0.150_0014.fzn,experiments/20260612-11.47.15.104167-pumpkin-v1/7,OPTIMAL,75,22.72,20.02,5048,2258365,19.337683448,374757,3267,0,5048,9.905309033280506,15.498415213946117,9.080824088748018,1,1924,277463,1924,28636,10725772,746115,252927,8360,12650278,252927,minimize,79533
pumpkin-v1/random/n150_p015/instance_n150_p0.150_0009.fzn,experiments/20260612-11.47.15.104167-pumpkin-v1/19,OPTIMAL,119,30.71,26.560000000000002,7962,3435750,25.759967257,499202,3327,0,7962,17.424390856568703,34.502009545340364,21.982165285104244,1,12535,1818539,12535,114034,21732704,2733611,578135,13365,25832778,578135,minimize,85576
pumpkin-v1/random/n150_p015/instance_n150_p0.150_0000.fzn,experiments/20260612-11.47.15.104167-pumpkin-v1/12,OPTIMAL,148,35.23,28.51,10018,3996638,27.613838144,559624,3402,0,10018,19.48093431822719,65.65681772808944,45.89638650429227,1,15549,2244910,15549,169875,30629745,6911864,822358,22350,36444077,822358,minimize,83055
pumpkin-v1/random/n150_p015/instance_n150_p0.150_0013.fzn,experiments/20260612-11.47.15.104167-pumpkin-v1/17,OPTIMAL,146,38.61,31.36,17571,4054698,30.181816292,576109,3359,9,17571,35.500711399465025,60.62819418359798,49.13505207444084,1,23783,3377889,23783,162884,29617066,31939239,1937458,20442,37095138,1937458,minimize,84950
pumpkin-v1/random/n150_p015/instance_n150_p0.150_0017.fzn,experiments/20260612-11.47.15.104167-pumpkin-v1/4,OPTIMAL,143,59.51,56.589999999999996,35837,10334647,55.627570944,594028,3310,2,35837,40.11753215949996,159.32349247983927,63.04375366241594,1,22103,3130172,22103,193539,26930836,5103906,805788,21456,31744592,805788,minimize,84761
pumpkin-v1/random/n150_p015/instance_n150_p0.150_0002.fzn,experiments/20260612-11.47.15.104167-pumpkin-v1/11,OPTIMAL,119,28.17,23.849999999999998,7342,3333670,23.097243169,494148,3360,0,7342,15.240670117134297,27.292835739580497,20.510351402887498,1,10118,1470154,10118,213587,21554813,3414633,602519,18000,25791315,602519,minimize,81438
pumpkin-v1/random/n150_p015/instance_n150_p0.150_0010.fzn,experiments/20260612-11.47.15.104167-pumpkin-v1/14,OPTIMAL,143,78.65,71.73,52349,10789858,70.756592515,565472,3405,0,52349,38.69926837188867,155.34441918661292,77.34703623755945,1,68839,9240808,68839,580448,26834418,23451700,1582867,21312,32673406,1582867,minimize,85172
pumpkin-v1/random/n150_p015/instance_n150_p0.150_0006.fzn,experiments/20260612-11.47.15.104167-pumpkin-v1/8,SATISFIABLE,136,300.0,300.0,7540,3631866,24.294711235,516691,3363,0,7540,13.184482758620689,31.703315649867374,22.3657824933687,0,11732,1691206,11732,145259,22177506,2548899,610346,14831,25415037,610346,minimize,81063
pumpkin-v1/random/n150_p015/instance_n150_p0.150_0003.fzn,experiments/20260612-11.47.15.104167-pumpkin-v1/1,OPTIMAL,188,55.73,50.64,30780,7223430,49.376882517,660559,3314,7,30780,34.74100064977258,159.66640675763483,116.8864522417154,1,38650,5561468,38650,717192,41685963,42174373,2260750,26514,50760074,2260750,minimize,82132
pumpkin-v1/random/n150_p015/instance_n150_p0.150_0012.fzn,experiments/20260612-11.47.15.104167-pumpkin-v1/20,SATISFIABLE,182,300.64,295.28000000000003,165719,26365539,295.024536396,803680,3304,16,165719,37.200833941793036,346.0284457424918,273.98641073141886,0,320632,45497666,320632,1448411,49645728,61012236,4047655,26718,64660440,4047655,minimize,85373
pumpkin-v1/random/n150_p015/instance_n150_p0.150_0005.fzn,experiments/20260612-11.47.15.104167-pumpkin-v1/3,SATISFIABLE,72,300.0,300.0,6325,2209582,20.540730273,393794,3363,0,6325,16.74197628458498,23.62403162055336,13.203636363636363,0,6885,996622,6885,51922,11825679,1195205,311485,8712,14320820,311485,minimize,83565
pumpkin-v1/random/n150_p015/instance_n150_p0.150_0015.fzn,experiments/20260612-11.47.15.104167-pumpkin-v1/18,SATISFIABLE,45,300.8,295.52,219063,6873306,295.704965305,505416,3406,0,219063,62.16192145638469,193.4782870681037,181.84161633867882,0,1441,211626,1441,39662,6657233,12496473,365957,5842,7904200,365957,minimize,86046
pumpkin-v1/random/n150_p015/instance_n150_p0.150_0011.fzn,experiments/20260612-11.47.15.104167-pumpkin-v1/6,SATISFIABLE,95,300.0,300.0,244566,40675795,296.945010252,729988,3417,5,244566,50.94972727198384,154.03540966446684,54.40172387003917,0,40045,5773439,40045,124985,17777477,3734857,567485,14304,22059257,567485,minimize,82309
pumpkin-v1/random/n150_p015/instance_n150_p0.150_0016.fzn,experiments/20260612-11.47.15.104167-pumpkin-v1/10,SATISFIABLE,74,301.57,293.28000000000003,222959,12716750,293.083753285,653217,3245,0,222959,49.79481429321086,136.25360268031343,114.76132383083885,0,2749,395161,2749,166450,12322773,13517896,644005,10425,15224330,644005,minimize,79671
pumpkin-v1/random/n150_p015/instance_n150_p0.150_0004.fzn,experiments/20260612-11.47.15.104167-pumpkin-v1/13,OPTIMAL,140,41.58,35.050000000000004,17953,4609414,33.96626571,549646,3368,2,17953,35.17763047958559,126.27783657327466,100.98289979390631,1,11298,1611520,11298,195916,25281391,13835442,996126,20729,30745708,996126,minimize,78614
pumpkin-v1/random/n150_p015/instance_n150_p0.150_0018.fzn,experiments/20260612-11.47.15.104167-pumpkin-v1/2,SATISFIABLE,110,300.0,300.0,8801,3234869,23.089563854,470419,3336,0,8801,23.321895239177366,65.32053175775481,45.787751391887284,0,4661,665090,4661,159679,17954605,4425509,508693,15840,21465879,508693,minimize,77526
pumpkin-v1/random/n150_p015/instance_n150_p0.150_0001.fzn,experiments/20260612-11.47.15.104167-pumpkin-v1/5,SATISFIABLE,136,300.0,300.0,39243,9913297,60.252706742,512849,3256,5,39243,43.67441327115664,169.4906862370359,75.59399128506995,0,40536,5895193,40536,265686,20821987,11417656,972759,18088,24601782,972759,minimize,79862
pumpkin-v1/random/n150_p015/instance_n150_p0.150_0008.fzn,experiments/20260612-11.47.15.104167-pumpkin-v1/15,OPTIMAL,191,102.26,97.53999999999999,61549,15403026,96.150151243,704305,3459,0,61549,51.39613966108304,191.02274610472958,70.69643698516629,1,122629,16797980,122629,873033,47788362,27353002,2248165,28224,57308185,2248165,minimize,87742
pumpkin-v1/random/n150_p015/instance_n150_p0.150_0007.fzn,experiments/20260612-11.47.15.104167-pumpkin-v1/16,SATISFIABLE,123,301.05,293.32,220409,22626591,293.170594712,822158,3320,0,220409,52.44067166041314,235.06236133733196,204.3844852070469,0,15507,2164645,15507,287406,23914921,11483635,793782,14136,29571274,793782,minimize,77629
pumpkin-v1/random/n50_p015/instance_n50_p0.150_0003.fzn,experiments/20260612-11.47.15.104167-pumpkin-v1/26,OPTIMAL,17,1.14,0.22999999999999998,591,65074,0.147324252,10916,466,0,591,5.580372250423012,9.37901861252115,5.8917089678511,1,205,9373,205,1673,65915,20921,6451,468,90960,6451,minimize,2968
pumpkin-v1/random/n50_p015/instance_n50_p0.150_0011.fzn,experiments/20260612-11.47.15.104167-pumpkin-v1/34,OPTIMAL,2,1.6,0.12,141,17641,0.039748882,2993,456,0,141,3.368794326241135,3.475177304964539,3.4680851063829787,1,0,0,0,84,6092,1556,406,132,8159,406,minimize,2446
pumpkin-v1/random/n150_p015/instance_n150_p0.150_0019.fzn,experiments/20260612-11.47.15.104167-pumpkin-v1/9,OPTIMAL,134,35.53,32.88999999999999,10853,4169894,31.776564171,550859,3346,3,10853,21.621671427255137,52.09029761356307,32.3795263982309,1,13692,1975865,13692,137038,27484487,4908071,754100,19980,32590347,754100,minimize,83815
pumpkin-v1/random/n50_p015/instance_n50_p0.150_0015.fzn,experiments/20260612-11.47.15.104167-pumpkin-v1/39,OPTIMAL,15,2.44,0.26,834,75885,0.170193878,10442,444,0,834,8.380095923261392,19.15347721822542,10.865707434052759,1,192,8597,192,1624,66003,37323,7147,704,88689,7147,minimize,2963
pumpkin-v1/random/n50_p015/instance_n50_p0.150_0006.fzn,experiments/20260612-11.47.15.104167-pumpkin-v1/36,OPTIMAL,2,1.67,0.16999999999999998,271,28928,0.076491034,4614,458,0,271,5.239852398523985,5.686346863468635,5.099630996309963,1,0,0,0,34,9754,4112,722,123,12546,722,minimize,2935
pumpkin-v1/random/n50_p015/instance_n50_p0.150_0014.fzn,experiments/20260612-11.47.15.104167-pumpkin-v1/28,OPTIMAL,2,0.8,0.15,285,21083,0.055823335,3018,439,0,285,6.536842105263158,8.042105263157895,6.6947368421052635,1,11,475,11,444,6344,6007,787,150,8508,787,minimize,2250
pumpkin-v1/random/n50_p015/instance_n50_p0.150_0019.fzn,experiments/20260612-11.47.15.104167-pumpkin-v1/23,OPTIMAL,12,4.34,0.21000000000000002,483,43140,0.106964415,7608,452,0,483,6.575569358178054,10.902691511387163,5.72463768115942,2,100,4370,100,536,35173,14998,3865,650,47443,3865,minimize,2513
pumpkin-v1/random/n50_p015/instance_n50_p0.150_0004.fzn,experiments/20260612-11.47.15.104167-pumpkin-v1/37,OPTIMAL,30,1.72,0.27,634,86128,0.17051577,15410,451,0,634,6.255520504731861,11.850157728706625,7.5,1,418,18708,418,4869,135611,46694,11766,970,176474,11766,minimize,2800
pumpkin-v1/random/n50_p015/instance_n50_p0.150_0018.fzn,experiments/20260612-11.47.15.104167-pumpkin-v1/33,OPTIMAL,24,1.85,0.31999999999999995,924,85846,0.217047793,13639,445,0,924,9.418831168831169,15.58874458874459,10.311688311688311,1,563,25753,563,5507,128362,104085,15683,1200,173285,15683,minimize,2532
pumpkin-v1/random/n50_p015/instance_n50_p0.150_0009.fzn,experiments/20260612-11.47.15.104167-pumpkin-v1/32,OPTIMAL,7,1.72,0.16,310,34925,0.086591814,6159,453,0,310,4.935483870967742,6.9,5.658064516129032,1,10,455,10,279,23776,8388,1894,392,29782,1894,minimize,2811
pumpkin-v1/random/n50_p015/instance_n50_p0.150_0017.fzn,experiments/20260612-11.47.15.104167-pumpkin-v1/38,OPTIMAL,3,2.32,0.19,212,25050,0.077952825,4298,467,0,212,3.9339622641509435,4.64622641509434,4.080188679245283,1,0,0,0,18,10887,2916,762,182,14611,762,minimize,2902
pumpkin-v1/random/n50_p015/instance_n50_p0.150_0005.fzn,experiments/20260612-11.47.15.104167-pumpkin-v1/21,OPTIMAL,26,4.4,0.33,698,84033,0.193112653,14325,450,0,698,5.743553008595988,12.783667621776504,10.196275071633238,1,132,5572,132,2192,128399,101414,12161,1323,166223,12161,minimize,2922
pumpkin-v1/random/n50_p015/instance_n50_p0.150_0016.fzn,experiments/20260612-11.47.15.104167-pumpkin-v1/24,OPTIMAL,20,4.28,0.24000000000000002,525,59343,0.136497243,11383,430,0,525,5.148571428571429,9.518095238095238,8.33904761904762,5,85,3707,85,1401,76571,34218,7414,728,101536,7414,minimize,2333
pumpkin-v1/random/n50_p015/instance_n50_p0.150_0000.fzn,experiments/20260612-11.47.15.104167-pumpkin-v1/40,OPTIMAL,20,2.44,0.27,599,72459,0.151658213,14013,501,0,599,7.008347245409015,9.943238731218697,7.490818030050083,1,177,7896,177,1872,91440,38190,8343,1029,123607,8343,minimize,3288
pumpkin-v1/random/n50_p015/instance_n50_p0.150_0008.fzn,experiments/20260612-11.47.15.104167-pumpkin-v1/30,OPTIMAL,19,0.91,0.27,669,67311,0.168855608,11953,475,0,669,6.893871449925261,12.523168908819134,11.538116591928251,4,80,3406,80,1932,83741,77485,9443,978,122653,9443,minimize,2645
pumpkin-v1/random/n50_p015/instance_n50_p0.150_0010.fzn,experiments/20260612-11.47.15.104167-pumpkin-v1/35,OPTIMAL,23,1.63,0.26,577,71935,0.156013131,12642,432,0,577,5.908145580589255,10.80415944540728,8.024263431542462,1,214,9829,214,1497,89293,38436,8492,1152,121755,8492,minimize,2240
pumpkin-v1/random/n50_p015/instance_n50_p0.150_0002.fzn,experiments/20260612-11.47.15.104167-pumpkin-v1/27,OPTIMAL,11,0.86,0.17,401,34880,0.077392166,6286,419,0,401,6.99501246882793,9.870324189526185,6.216957605985037,1,78,3441,78,2652,27987,18674,3546,510,36394,3546,minimize,1978
pumpkin-v1/random/n50_p015/instance_n50_p0.150_0012.fzn,experiments/20260612-11.47.15.104167-pumpkin-v1/22,OPTIMAL,16,4.49,0.44999999999999996,2037,104406,0.351378606,13009,457,0,2037,12.567501227295041,22.176730486008836,14.216494845360824,1,352,13926,352,3282,86879,201445,20231,544,130345,20231,minimize,2572
pumpkin-v1/random/n50_p015/instance_n50_p0.150_0001.fzn,experiments/20260612-11.47.15.104167-pumpkin-v1/29,OPTIMAL,24,0.83,0.23,569,62079,0.135396049,12627,469,0,569,6.300527240773286,14.476274165202108,13.430579964850615,1,213,9104,213,1641,82230,66605,9220,994,108921,9220,minimize,2497
pumpkin-v1/random/n50_p015/instance_n50_p0.150_0007.fzn,experiments/20260612-11.47.15.104167-pumpkin-v1/31,OPTIMAL,28,1.0,0.37,1256,113615,0.27967757,15625,453,0,1256,10.632961783439491,20.870222929936304,11.59952229299363,1,624,27546,624,4469,137287,142001,20724,1305,184668,20724,minimize,2774
pumpkin-v1/random/n50_p015/instance_n50_p0.150_0013.fzn,experiments/20260612-11.47.15.104167-pumpkin-v1/25,OPTIMAL,27,21.56,17.34,93759,1620043,17.232587283,141599,417,0,93759,14.918791795987586,41.910259281775616,40.67285273947034,1,1373,53156,1373,29363,1527717,43383334,1540384,1344,4251347,1540384,minimize,2104
pumpkin-v1/random/n150_p005/instance_n150_p0.050_0013.fzn,experiments/20260612-11.47.15.104167-pumpkin-v1/43,UNSATISFIABLE,0,2.24,0.07,1,2,0,0,0,0,1,0,0,0,0,"","","","","","","","","","",satisfy,
pumpkin-v1/random/n150_p005/instance_n150_p0.050_0000.fzn,experiments/20260612-11.47.15.104167-pumpkin-v1/41,UNSATISFIABLE,0,2.19,0.08,1,2,0,0,0,0,1,0,0,0,0,"","","","","","","","","","",satisfy,
pumpkin-v1/random/n150_p005/instance_n150_p0.050_0008.fzn,experiments/20260612-11.47.15.104167-pumpkin-v1/45,OPTIMAL,57,18.56,16.27,15852,1623962,16.02564046,116292,1218,0,15852,31.50227100681302,97.2010471864749,55.625977794600054,1,10903,1541112,10903,50686,2213434,5313155,135234,8642,2556043,135234,minimize,21679
pumpkin-v1/random/n150_p005/instance_n150_p0.050_0002.fzn,experiments/20260612-11.47.15.104167-pumpkin-v1/47,OPTIMAL,26,6.85,3.59,2872,383725,3.423333312,64123,1245,0,2872,24.403551532033426,35.31476323119777,29.389275766016713,12,998,129491,998,12281,734188,1418398,54333,3996,915866,54333,minimize,20919
pumpkin-v1/random/n150_p005/instance_n150_p0.050_0003.fzn,experiments/20260612-11.47.15.104167-pumpkin-v1/42,OPTIMAL,42,5.69,3.6999999999999997,2444,462258,3.4472130610000002,78052,1249,0,2444,18.085924713584287,32.80810147299509,19.95949263502455,1,1738,239607,1738,11914,1291844,730917,61644,6364,1446237,61644,minimize,22271
pumpkin-v1/random/n150_p005/instance_n150_p0.050_0019.fzn,experiments/20260612-11.47.15.104167-pumpkin-v1/44,OPTIMAL,37,5.53,3.5,2438,436910,3.272846783,69318,1221,0,2438,21.880639868744872,37.149302707137,19.935602953240362,1,5107,735576,5107,22260,947923,450899,45333,5586,1080012,45333,minimize,19904
pumpkin-v1/random/n150_p005/instance_n150_p0.050_0012.fzn,experiments/20260612-11.47.15.104167-pumpkin-v1/49,SATISFIABLE,20,300.82,296.44,287208,18628584,297.186825292,472231,1301,0,287208,47.233879279128715,81.68633185705133,31.163459931478233,11,34350,4915754,34350,55640,1025287,2317540,116850,3150,1304649,116850,minimize,20918
pumpkin-v1/random/n150_p005/instance_n150_p0.050_0010.fzn,experiments/20260612-11.47.15.104167-pumpkin-v1/48,OPTIMAL,27,7.24,3.96,3376,441573,3.791752226,66308,1233,0,3376,25.074644549763033,43.22719194312796,24.24792654028436,1,2000,271702,2000,10303,846718,681364,51822,4090,976488,51822,minimize,22091
pumpkin-v1/random/n150_p005/instance_n150_p0.050_0011.fzn,experiments/20260612-11.47.15.104167-pumpkin-v1/50,OPTIMAL,15,6.07,2.7399999999999998,1305,275570,2.565950616,48534,1288,0,1305,14.889655172413793,25.264367816091955,20.39846743295019,6,277,39017,277,1475,428996,150096,13824,2384,483202,13824,minimize,22355
pumpkin-v1/random/n150_p005/instance_n150_p0.050_0017.fzn,experiments/20260612-11.47.15.104167-pumpkin-v1/51,OPTIMAL,37,24.41,21.01,18542,1814148,20.795613059,105180,1230,1,18542,35.08575126739294,98.85487002480855,42.96289504907777,1,10898,1549446,10898,62342,1560136,2666522,143845,5215,1870983,143845,minimize,21055
pumpkin-v1/random/n150_p005/instance_n150_p0.050_0006.fzn,experiments/20260612-11.47.15.104167-pumpkin-v1/53,OPTIMAL,16,5.91,2.57,1287,270100,2.4185956109999998,45318,1212,0,1287,11.194250194250195,17.85236985236985,13.43123543123543,1,214,28770,214,5893,426932,141051,15804,2501,469385,15804,minimize,21803
pumpkin-v1/random/n150_p005/instance_n150_p0.050_0005.fzn,experiments/20260612-11.47.15.104167-pumpkin-v1/56,OPTIMAL,22,4.23,3.87,2605,370739,3.713451401,61427,1346,0,2605,25.1957773512476,37.15163147792706,27.139347408829174,1,897,122609,897,10538,696314,818088,42594,3427,817128,42594,minimize,21545
pumpkin-v1/random/n150_p005/instance_n150_p0.050_0007.fzn,experiments/20260612-11.47.15.104167-pumpkin-v1/52,OPTIMAL,27,6.39,3.16,1619,358051,2.925370377,61270,1284,0,1619,17.1550339715874,27.615812229771464,15.553428042001235,11,954,134108,954,5489,790805,247417,28149,3659,910406,28149,minimize,22584
pumpkin-v1/random/n150_p005/instance_n150_p0.050_0015.fzn,experiments/20260612-11.47.15.104167-pumpkin-v1/54,OPTIMAL,31,4.4,4.15,1674,390218,3.804883055,68426,1310,0,1674,13.744922341696535,23.159498207885303,16.463560334528076,5,683,97242,683,6373,964655,292121,36367,4672,1072288,36367,minimize,22390
pumpkin-v1/random/n150_p005/instance_n150_p0.050_0018.fzn,experiments/20260612-11.47.15.104167-pumpkin-v1/55,SATISFIABLE,15,300.21,298.39000000000004,315792,18651172,299.491988381,431932,1226,0,315792,44.3844144246846,82.74894867507727,33.39907914070021,0,176224,24760200,176224,361585,3155714,13776861,687615,2352,4553475,687615,minimize,21519
pumpkin-v1/random/n150_p005/instance_n150_p0.050_0001.fzn,experiments/20260612-11.47.15.104167-pumpkin-v1/58,OPTIMAL,35,4.1,3.79,2410,437259,3.567171748,72640,1272,0,2410,20.15228215767635,37.50248962655602,21.294190871369295,1,2239,312222,2239,22987,1097162,642033,48966,5400,1213535,48966,minimize,22460
pumpkin-v1/random/n150_p005/instance_n150_p0.050_0004.fzn,experiments/20260612-11.47.15.104167-pumpkin-v1/57,OPTIMAL,43,28.07,27.63,28022,2447629,27.437481302,117579,1190,0,28022,34.679644564984656,87.13817714652772,33.07151523802727,1,13782,1874947,13782,57421,1970557,3483629,193191,6270,2404410,193191,minimize,20642
pumpkin-v1/random/n150_p005/instance_n150_p0.050_0009.fzn,experiments/20260612-11.47.15.104167-pumpkin-v1/59,OPTIMAL,24,3.68,3.3,1920,343440,3.113800989,57941,1180,0,1920,17.775520833333335,33.55260416666667,27.7921875,5,334,46529,334,11126,697201,565089,32510,3600,789028,32510,minimize,20802
pumpkin-v1/random/n150_p005/instance_n150_p0.050_0016.fzn,experiments/20260612-11.47.15.104167-pumpkin-v1/60,SATISFIABLE,51,300.21,298.28,287134,23271953,299.298980275,497743,1276,0,287134,35.8872791101019,86.59330835080485,31.972932498415375,0,8358,1143692,8358,56445,1905105,2244209,146186,7696,2289723,146186,minimize,21057
pumpkin-v1/random/n20_p005/instance_n20_p0.050_0019.fzn,experiments/20260612-11.47.15.104167-pumpkin-v1/64,UNSATISFIABLE,0,6.69,0.09,1,2,0,0,0,0,1,0,0,0,0,"","","","","","","","","","",satisfy,
pumpkin-v1/random/n20_p005/instance_n20_p0.050_0018.fzn,experiments/20260612-11.47.15.104167-pumpkin-v1/75,UNSATISFIABLE,0,0.38,0.07,1,2,0,0,0,0,1,0,0,0,0,"","","","","","","","","","",satisfy,
pumpkin-v1/random/n20_p005/instance_n20_p0.050_0011.fzn,experiments/20260612-11.47.15.104167-pumpkin-v1/66,UNSATISFIABLE,0,6.76,0.1,1,2,0,0,0,0,1,0,0,0,0,"","","","","","","","","","",satisfy,
pumpkin-v1/random/n20_p005/instance_n20_p0.050_0009.fzn,experiments/20260612-11.47.15.104167-pumpkin-v1/76,UNSATISFIABLE,0,0.37,0.05,1,2,0,0,0,0,1,0,0,0,0,"","","","","","","","","","",satisfy,
pumpkin-v1/random/n20_p005/instance_n20_p0.050_0014.fzn,experiments/20260612-11.47.15.104167-pumpkin-v1/65,UNSATISFIABLE,0,6.51,0.12,1,2,0,0,0,0,1,0,0,0,0,"","","","","","","","","","",satisfy,
pumpkin-v1/random/n20_p005/instance_n20_p0.050_0015.fzn,experiments/20260612-11.47.15.104167-pumpkin-v1/79,UNSATISFIABLE,0,0.4,0.06,1,2,0,0,0,0,1,0,0,0,0,"","","","","","","","","","",satisfy,
pumpkin-v1/random/n20_p005/instance_n20_p0.050_0001.fzn,experiments/20260612-11.47.15.104167-pumpkin-v1/61,UNSATISFIABLE,0,6.58,0.09,1,2,0,0,0,0,1,0,0,0,0,"","","","","","","","","","",satisfy,
pumpkin-v1/random/n20_p005/instance_n20_p0.050_0012.fzn,experiments/20260612-11.47.15.104167-pumpkin-v1/68,UNSATISFIABLE,0,4.87,0.06,1,2,0,0,0,0,1,0,0,0,0,"","","","","","","","","","",satisfy,
pumpkin-v1/random/n20_p005/instance_n20_p0.050_0016.fzn,experiments/20260612-11.47.15.104167-pumpkin-v1/80,UNSATISFIABLE,0,0.37,0.06,1,2,0,0,0,0,1,0,0,0,0,"","","","","","","","","","",satisfy,
pumpkin-v1/random/n20_p005/instance_n20_p0.050_0013.fzn,experiments/20260612-11.47.15.104167-pumpkin-v1/72,UNSATISFIABLE,0,4.96,0.07,1,2,0,0,0,0,1,0,0,0,0,"","","","","","","","","","",satisfy,
pumpkin-v1/random/n20_p005/instance_n20_p0.050_0004.fzn,experiments/20260612-11.47.15.104167-pumpkin-v1/78,UNSATISFIABLE,0,0.33,0.06,1,2,0,0,0,0,1,0,0,0,0,"","","","","","","","","","",satisfy,
pumpkin-v1/random/n20_p005/instance_n20_p0.050_0002.fzn,experiments/20260612-11.47.15.104167-pumpkin-v1/73,UNSATISFIABLE,0,4.82,0.08,1,2,0,0,0,0,1,0,0,0,0,"","","","","","","","","","",satisfy,
pumpkin-v1/random/n20_p005/instance_n20_p0.050_0008.fzn,experiments/20260612-11.47.15.104167-pumpkin-v1/69,UNSATISFIABLE,0,5.05,0.06,1,2,0,0,0,0,1,0,0,0,0,"","","","","","","","","","",satisfy,
pumpkin-v1/random/n20_p005/instance_n20_p0.050_0005.fzn,experiments/20260612-11.47.15.104167-pumpkin-v1/67,UNSATISFIABLE,0,4.95,0.08,1,2,0,0,0,0,1,0,0,0,0,"","","","","","","","","","",satisfy,
pumpkin-v1/random/n20_p005/instance_n20_p0.050_0007.fzn,experiments/20260612-11.47.15.104167-pumpkin-v1/71,UNSATISFIABLE,0,4.92,0.06,1,2,0,0,0,0,1,0,0,0,0,"","","","","","","","","","",satisfy,
pumpkin-v1/random/n20_p005/instance_n20_p0.050_0006.fzn,experiments/20260612-11.47.15.104167-pumpkin-v1/74,UNSATISFIABLE,0,5.06,0.07,1,2,0,0,0,0,1,0,0,0,0,"","","","","","","","","","",satisfy,
pumpkin-v1/random/n20_p005/instance_n20_p0.050_0003.fzn,experiments/20260612-11.47.15.104167-pumpkin-v1/62,UNSATISFIABLE,0,6.78,0.06,1,2,0,0,0,0,1,0,0,0,0,"","","","","","","","","","",satisfy,
pumpkin-v1/random/n20_p005/instance_n20_p0.050_0017.fzn,experiments/20260612-11.47.15.104167-pumpkin-v1/77,UNSATISFIABLE,0,0.39,0.04,1,2,0,0,0,0,1,0,0,0,0,"","","","","","","","","","",satisfy,
pumpkin-v1/random/n20_p005/instance_n20_p0.050_0000.fzn,experiments/20260612-11.47.15.104167-pumpkin-v1/70,UNSATISFIABLE,0,4.88,0.06,1,2,0,0,0,0,1,0,0,0,0,"","","","","","","","","","",satisfy,
pumpkin-v1/random/n20_p005/instance_n20_p0.050_0010.fzn,experiments/20260612-11.47.15.104167-pumpkin-v1/63,UNSATISFIABLE,0,6.65,0.07,1,2,0,0,0,0,1,0,0,0,0,"","","","","","","","","","",satisfy,
pumpkin-v1/random/n100_p005/instance_n100_p0.050_0006.fzn,experiments/20260612-11.47.15.104167-pumpkin-v1/81,OPTIMAL,23,1.24,1.0,1908,156359,0.878587926,23802,631,0,1908,18.153039832285117,31.86215932914046,23.96488469601677,7,444,39063,444,8921,237155,438975,30051,2352,310351,30051,minimize,5963
pumpkin-v1/random/n100_p005/instance_n100_p0.050_0012.fzn,experiments/20260612-11.47.15.104167-pumpkin-v1/82,UNSATISFIABLE,0,0.35,0.05,1,2,0,0,0,0,1,0,0,0,0,"","","","","","","","","","",satisfy,
pumpkin-v1/random/n100_p005/instance_n100_p0.050_0005.fzn,experiments/20260612-11.47.15.104167-pumpkin-v1/85,OPTIMAL,13,5.39,0.7100000000000001,932,104077,0.611441938,16213,612,0,932,13.170600858369099,21.30901287553648,12.662017167381974,11,202,18708,202,1872,111787,79708,7500,1246,128322,7500,minimize,6304
pumpkin-v1/random/n100_p005/instance_n100_p0.050_0000.fzn,experiments/20260612-11.47.15.104167-pumpkin-v1/83,OPTIMAL,6,5.09,0.44,429,58562,0.302652489,8801,599,0,429,5.298368298368298,6.585081585081585,5.258741258741258,4,42,3372,42,1472,35932,14135,2368,660,41522,2368,minimize,4728
pumpkin-v1/random/n100_p005/instance_n100_p0.050_0015.fzn,experiments/20260612-11.47.15.104167-pumpkin-v1/86,UNSATISFIABLE,0,4.75,0.07,1,2,0,0,0,0,1,0,0,0,0,"","","","","","","","","","",satisfy,
pumpkin-v1/random/n100_p005/instance_n100_p0.050_0014.fzn,experiments/20260612-11.47.15.104167-pumpkin-v1/84,UNSATISFIABLE,0,4.82,0.09,1,2,0,0,0,0,1,0,0,0,0,"","","","","",95,1,95,1,1,minimize,
pumpkin-v1/random/n100_p005/instance_n100_p0.050_0008.fzn,experiments/20260612-11.47.15.104167-pumpkin-v1/87,UNSATISFIABLE,0,4.75,0.09,1,2,0,0,0,0,1,0,0,0,0,"","","","","",99,1,99,1,1,minimize,
pumpkin-v1/random/n100_p005/instance_n100_p0.050_0001.fzn,experiments/20260612-11.47.15.104167-pumpkin-v1/88,UNSATISFIABLE,0,4.77,0.1,1,2,0,0,0,0,1,0,0,0,0,"","","","","",96,1,96,1,1,minimize,
pumpkin-v1/random/n100_p005/instance_n100_p0.050_0002.fzn,experiments/20260612-11.47.15.104167-pumpkin-v1/91,UNSATISFIABLE,0,0.27,0.1,1,2,0,0,0,0,1,0,0,0,0,"","","","","",98,1,98,1,1,minimize,
pumpkin-v1/random/n100_p005/instance_n100_p0.050_0007.fzn,experiments/20260612-11.47.15.104167-pumpkin-v1/90,UNSATISFIABLE,0,4.35,0.08,1,2,0,0,0,0,1,0,0,0,0,"","","","","",97,1,97,1,1,minimize,
pumpkin-v1/random/n100_p005/instance_n100_p0.050_0013.fzn,experiments/20260612-11.47.15.104167-pumpkin-v1/89,UNSATISFIABLE,0,4.78,0.08,1,2,0,0,0,0,1,0,0,0,0,"","","","","","","","","","",satisfy,
pumpkin-v1/random/n100_p005/instance_n100_p0.050_0017.fzn,experiments/20260612-11.47.15.104167-pumpkin-v1/93,OPTIMAL,2,0.57,0.37,380,49655,0.282025936,6894,585,0,380,12.402631578947368,15.473684210526315,13.08421052631579,2,5,454,5,259,16949,12845,983,287,20207,983,minimize,5674
pumpkin-v1/random/n100_p005/instance_n100_p0.050_0018.fzn,experiments/20260612-11.47.15.104167-pumpkin-v1/92,UNSATISFIABLE,0,0.18,0.05,1,2,0,0,0,0,1,0,0,0,0,"","","","","","","","","","",satisfy,
pumpkin-v1/random/n100_p005/instance_n100_p0.050_0010.fzn,experiments/20260612-11.47.15.104167-pumpkin-v1/95,UNSATISFIABLE,0,0.21,0.05,1,2,0,0,0,0,1,0,0,0,0,"","","","","","","","","","",satisfy,
pumpkin-v1/random/n100_p005/instance_n100_p0.050_0003.fzn,experiments/20260612-11.47.15.104167-pumpkin-v1/94,UNSATISFIABLE,0,0.25,0.08,1,2,0,0,0,0,1,0,0,0,0,"","","","","",99,1,99,1,1,minimize,
pumpkin-v1/random/n100_p005/instance_n100_p0.050_0011.fzn,experiments/20260612-11.47.15.104167-pumpkin-v1/97,UNSATISFIABLE,0,0.24,0.09000000000000001,1,2,0,0,0,0,1,0,0,0,0,"","","","","",94,1,94,1,1,minimize,
pumpkin-v1/random/n100_p005/instance_n100_p0.050_0004.fzn,experiments/20260612-11.47.15.104167-pumpkin-v1/96,UNSATISFIABLE,0,0.25,0.05,1,2,0,0,0,0,1,0,0,0,0,"","","","","","","","","","",satisfy,
pumpkin-v1/random/n100_p005/instance_n100_p0.050_0009.fzn,experiments/20260612-11.47.15.104167-pumpkin-v1/99,UNSATISFIABLE,0,0.27,0.09,1,2,0,0,0,0,1,0,0,0,0,"","","","","",91,1,91,1,1,minimize,
pumpkin-v1/random/n100_p005/instance_n100_p0.050_0016.fzn,experiments/20260612-11.47.15.104167-pumpkin-v1/100,UNSATISFIABLE,0,0.26,0.05,1,2,0,0,0,0,1,0,0,0,0,"","","","","","","","","","",satisfy,
pumpkin-v1/random/n100_p015/instance_n100_p0.150_0003.fzn,experiments/20260612-11.47.15.104167-pumpkin-v1/104,OPTIMAL,82,4.82,4.42,3427,875945,4.191285566,138632,1600,0,3427,14.782608695652174,30.395973154362416,19.13218558505982,1,6099,573577,6099,37995,3552036,970334,163814,8217,4247223,163814,minimize,24378
pumpkin-v1/random/n100_p005/instance_n100_p0.050_0019.fzn,experiments/20260612-11.47.15.104167-pumpkin-v1/98,UNSATISFIABLE,0,0.16,0.05,1,2,0,0,0,0,1,0,0,0,0,"","","","","","","","","","",satisfy,
pumpkin-v1/random/n100_p015/instance_n100_p0.150_0019.fzn,experiments/20260612-11.47.15.104167-pumpkin-v1/118,OPTIMAL,35,2.82,2.55,1949,459331,2.348556472,82877,1601,0,1949,7.735248845561826,12.712673165726013,8.393022062596204,1,432,39932,432,11033,1186660,197076,49011,3600,1431453,49011,minimize,23005
pumpkin-v1/random/n100_p015/instance_n100_p0.150_0014.fzn,experiments/20260612-11.47.15.104167-pumpkin-v1/119,OPTIMAL,75,4.97,4.7,3900,979688,4.397628483,149356,1686,0,3900,11.843846153846155,34.685641025641026,26.130769230769232,1,2944,279518,2944,45571,4312601,1164212,182291,7338,5352204,182291,minimize,24510
pumpkin-v1/random/n100_p015/instance_n100_p0.150_0000.fzn,experiments/20260612-11.47.15.104167-pumpkin-v1/106,OPTIMAL,65,3.66,3.4899999999999998,2656,698991,3.185728391,118582,1638,0,2656,11.181475903614459,28.513930722891565,21.885165662650603,1,1232,113822,1232,47255,2518170,651936,107175,5874,3126820,107175,minimize,22109
pumpkin-v1/random/n100_p015/instance_n100_p0.150_0010.fzn,experiments/20260612-11.47.15.104167-pumpkin-v1/107,OPTIMAL,70,7.11,4.24,2547,716723,3.651529384,132584,1589,0,2547,10.111896348645466,15.271299568119357,9.183352964271693,1,3043,287807,3043,27635,2955487,445270,121873,4402,3629225,121873,minimize,23933
pumpkin-v1/random/n100_p015/instance_n100_p0.150_0015.fzn,experiments/20260612-11.47.15.104167-pumpkin-v1/114,OPTIMAL,72,8.19,4.84,3995,866487,4.408731345,134670,1643,0,3995,15.674342928660826,39.29036295369212,27.85832290362954,1,2922,274759,2922,31374,3182051,1360826,164778,5790,4119587,164778,minimize,24834
pumpkin-v1/random/n100_p015/instance_n100_p0.150_0013.fzn,experiments/20260612-11.47.15.104167-pumpkin-v1/109,OPTIMAL,74,7.17,4.38,3593,908977,4.100478215,131319,1612,0,3593,13.138602838853325,33.388254940161424,21.615084887280823,1,3680,351732,3680,67107,3500124,921476,161622,6381,4501455,161622,minimize,23339
pumpkin-v1/random/n100_p015/instance_n100_p0.150_0012.fzn,experiments/20260612-11.47.15.104167-pumpkin-v1/117,OPTIMAL,35,3.19,3.0399999999999996,2176,487406,2.853189807,90882,1614,0,2176,9.950367647058824,15.4609375,13.258272058823529,1,280,26482,280,6163,1298770,330723,53929,3600,1635232,53929,minimize,24155
pumpkin-v1/random/n100_p015/instance_n100_p0.150_0017.fzn,experiments/20260612-11.47.15.104167-pumpkin-v1/116,OPTIMAL,66,4.96,4.79,4709,940078,4.476800204,137159,1586,0,4709,20.5153960501168,36.31896368655766,16.994691017201106,1,13315,1280247,13315,46289,3247716,857360,157357,5184,3914205,157357,minimize,25162
pumpkin-v1/random/n100_p015/instance_n100_p0.150_0016.fzn,experiments/20260612-11.47.15.104167-pumpkin-v1/101,OPTIMAL,79,5.24,5.03,3850,940505,4.588590386,145214,1619,0,3850,14.37116883116883,32.77662337662338,24.817662337662338,1,3403,323061,3403,83934,3842979,1442310,187844,7920,4769613,187844,minimize,23636
pumpkin-v1/random/n100_p015/instance_n100_p0.150_0018.fzn,experiments/20260612-11.47.15.104167-pumpkin-v1/108,OPTIMAL,41,6.42,3.3299999999999996,2403,606324,3.095469352,108619,1666,0,2403,9.00582605076987,12.28381190178943,7.237619642114024,1,1406,135871,1406,9272,1858110,214065,71418,1614,2208383,71418,minimize,24052
pumpkin-v1/random/n100_p015/instance_n100_p0.150_0011.fzn,experiments/20260612-11.47.15.104167-pumpkin-v1/111,OPTIMAL,81,6.72,3.75,4267,925455,3.461652897,127398,1569,0,4267,14.94281696742442,59.018982891961564,47.66018279821889,1,5035,471019,5035,39019,3110718,1095076,165616,7957,3889698,165616,minimize,21482
pumpkin-v1/random/n100_p015/instance_n100_p0.150_0001.fzn,experiments/20260612-11.47.15.104167-pumpkin-v1/120,OPTIMAL,51,3.97,3.7,2585,639892,3.44895403,112524,1613,0,2585,11.901353965183752,23.02359767891683,12.499806576402321,1,1341,126760,1341,25780,2176511,326049,82792,5044,2646628,82792,minimize,25457
pumpkin-v1/random/n100_p015/instance_n100_p0.150_0007.fzn,experiments/20260612-11.47.15.104167-pumpkin-v1/110,OPTIMAL,58,6.29,3.2600000000000002,3315,729265,3.016082435,121272,1564,0,3315,13.54419306184012,27.09079939668175,18.090196078431372,1,2638,247843,2638,24695,2324069,616608,109517,3925,2797167,109517,minimize,23139
pumpkin-v1/random/n100_p015/instance_n100_p0.150_0008.fzn,experiments/20260612-11.47.15.104167-pumpkin-v1/103,OPTIMAL,87,5.6,5.43,5665,1177910,5.082496385,160810,1714,0,5665,19.85595763459841,56.105560458958514,33.609708737864075,1,9715,919220,9715,50011,4363439,2059318,238606,8800,5335043,238606,minimize,26481
pumpkin-v1/random/n100_p015/instance_n100_p0.150_0006.fzn,experiments/20260612-11.47.15.104167-pumpkin-v1/105,OPTIMAL,67,4.43,4.260000000000001,2895,781146,3.829420629,122964,1632,0,2895,11.860103626943005,26.87288428324698,19.374438687392054,1,2226,209665,2226,36865,2852382,742218,124024,6733,3476098,124024,minimize,23073
pumpkin-v1/random/n100_p015/instance_n100_p0.150_0004.fzn,experiments/20260612-11.47.15.104167-pumpkin-v1/113,OPTIMAL,89,8.37,5.44,4979,1114335,4.911246704,150470,1635,0,4979,16.463145209881503,45.43522795742117,27.364531030327374,1,8060,738873,8060,60143,4414145,1616899,238197,8460,5511638,238197,minimize,26248
pumpkin-v1/random/n100_p015/instance_n100_p0.150_0005.fzn,experiments/20260612-11.47.15.104167-pumpkin-v1/115,OPTIMAL,88,6.89,6.66,5577,1088174,5.952576862,154807,1594,0,5577,19.623991393222163,42.31791285637439,26.978124439662903,1,21413,2030714,21413,125033,4419190,2561080,288916,8140,5510365,288916,minimize,23089
pumpkin-v1/random/n100_p015/instance_n100_p0.150_0009.fzn,experiments/20260612-11.47.15.104167-pumpkin-v1/102,OPTIMAL,81,5.08,4.87,4609,1111637,4.555550573,147303,1641,0,4609,17.946192232588412,39.87372532002603,19.941635929702755,1,16353,1579846,16353,66594,4087865,906459,194067,6888,5016238,194067,minimize,24895
pumpkin-v1/random/n50_p005/instance_n50_p0.050_0008.fzn,experiments/20260612-11.47.15.104167-pumpkin-v1/121,UNSATISFIABLE,0,0.22,0.08,1,2,0,0,0,0,1,0,0,0,0,"","","","","","","","","","",satisfy,
pumpkin-v1/random/n100_p015/instance_n100_p0.150_0002.fzn,experiments/20260612-11.47.15.104167-pumpkin-v1/112,OPTIMAL,96,8.22,4.92,4090,1125558,4.437458911,152482,1620,0,4090,12.568704156479217,30.146454767726162,18.057701711491443,1,5361,498129,5361,82432,4542182,1240313,227965,9024,5616745,227965,minimize,24270
pumpkin-v1/random/n50_p005/instance_n50_p0.050_0014.fzn,experiments/20260612-11.47.15.104167-pumpkin-v1/122,UNSATISFIABLE,0,0.27,0.06,1,2,0,0,0,0,1,0,0,0,0,"","","","","","","","","","",satisfy,
pumpkin-v1/random/n50_p005/instance_n50_p0.050_0006.fzn,experiments/20260612-11.47.15.104167-pumpkin-v1/125,UNSATISFIABLE,0,7.27,0.06,1,2,0,0,0,0,1,0,0,0,0,"","","","","","","","","","",satisfy,
pumpkin-v1/random/n50_p005/instance_n50_p0.050_0017.fzn,experiments/20260612-11.47.15.104167-pumpkin-v1/137,UNSATISFIABLE,0,7.6,0.11,1,2,0,0,0,0,1,0,0,0,0,"","","","","","","","","","",satisfy,
pumpkin-v1/random/n50_p005/instance_n50_p0.050_0003.fzn,experiments/20260612-11.47.15.104167-pumpkin-v1/133,UNSATISFIABLE,0,7.6,0.08,1,2,0,0,0,0,1,0,0,0,0,"","","","","","","","","","",satisfy,
pumpkin-v1/random/n50_p005/instance_n50_p0.050_0010.fzn,experiments/20260612-11.47.15.104167-pumpkin-v1/126,UNSATISFIABLE,0,7.01,0.09,1,2,0,0,0,0,1,0,0,0,0,"","","","","","","","","","",satisfy,
pumpkin-v1/random/n50_p005/instance_n50_p0.050_0001.fzn,experiments/20260612-11.47.15.104167-pumpkin-v1/138,UNSATISFIABLE,0,7.62,0.08,1,2,0,0,0,0,1,0,0,0,0,"","","","","","","","","","",satisfy,
pumpkin-v1/random/n50_p005/instance_n50_p0.050_0015.fzn,experiments/20260612-11.47.15.104167-pumpkin-v1/131,UNSATISFIABLE,0,7.61,0.1,1,2,0,0,0,0,1,0,0,0,0,"","","","","","","","","","",satisfy,
pumpkin-v1/random/n50_p005/instance_n50_p0.050_0012.fzn,experiments/20260612-11.47.15.104167-pumpkin-v1/139,UNSATISFIABLE,0,0.72,0.05,1,2,0,0,0,0,1,0,0,0,0,"","","","","","","","","","",satisfy,
pumpkin-v1/random/n50_p005/instance_n50_p0.050_0002.fzn,experiments/20260612-11.47.15.104167-pumpkin-v1/136,UNSATISFIABLE,0,7.62,0.09,1,2,0,0,0,0,1,0,0,0,0,"","","","","","","","","","",satisfy,
pumpkin-v1/random/n50_p005/instance_n50_p0.050_0019.fzn,experiments/20260612-11.47.15.104167-pumpkin-v1/130,UNSATISFIABLE,0,7.36,0.07,1,2,0,0,0,0,1,0,0,0,0,"","","","","","","","","","",satisfy,
pumpkin-v1/random/n50_p005/instance_n50_p0.050_0013.fzn,experiments/20260612-11.47.15.104167-pumpkin-v1/123,UNSATISFIABLE,0,7.18,0.09,1,2,0,0,0,0,1,0,0,0,0,"","","","","","","","","","",satisfy,
pumpkin-v1/random/n50_p005/instance_n50_p0.050_0005.fzn,experiments/20260612-11.47.15.104167-pumpkin-v1/129,UNSATISFIABLE,0,7.35,0.11,1,2,0,0,0,0,1,0,0,0,0,"","","","","","","","","","",satisfy,
pumpkin-v1/random/n50_p005/instance_n50_p0.050_0009.fzn,experiments/20260612-11.47.15.104167-pumpkin-v1/127,UNSATISFIABLE,0,7.01,0.07,1,2,0,0,0,0,1,0,0,0,0,"","","","","","","","","","",satisfy,
pumpkin-v1/random/n50_p005/instance_n50_p0.050_0011.fzn,experiments/20260612-11.47.15.104167-pumpkin-v1/134,UNSATISFIABLE,0,7.66,0.06,1,2,0,0,0,0,1,0,0,0,0,"","","","","","","","","","",satisfy,
pumpkin-v1/random/n50_p005/instance_n50_p0.050_0000.fzn,experiments/20260612-11.47.15.104167-pumpkin-v1/124,UNSATISFIABLE,0,7.34,0.07,1,2,0,0,0,0,1,0,0,0,0,"","","","","","","","","","",satisfy,
pumpkin-v1/random/n50_p005/instance_n50_p0.050_0016.fzn,experiments/20260612-11.47.15.104167-pumpkin-v1/128,UNSATISFIABLE,0,7.33,0.1,1,2,0,0,0,0,1,0,0,0,0,"","","","","","","","","","",satisfy,
pumpkin-v1/random/n50_p005/instance_n50_p0.050_0018.fzn,experiments/20260612-11.47.15.104167-pumpkin-v1/135,UNSATISFIABLE,0,7.58,0.07,1,2,0,0,0,0,1,0,0,0,0,"","","","","","","","","","",satisfy,
pumpkin-v1/random/n50_p005/instance_n50_p0.050_0004.fzn,experiments/20260612-11.47.15.104167-pumpkin-v1/132,UNSATISFIABLE,0,7.65,0.08,1,2,0,0,0,0,1,0,0,0,0,"","","","","","","","","","",satisfy,
pumpkin-v1/random/n50_p010/instance_n50_p0.100_0011.fzn,experiments/20260612-11.47.15.104167-pumpkin-v1/147,OPTIMAL,3,4.32,0.15,159,13302,0.037496674,2340,304,0,159,4.880503144654088,5.660377358490566,4.968553459119497,4,8,351,8,79,5484,3439,543,196,6844,543,minimize,1519
pumpkin-v1/random/n50_p005/instance_n50_p0.050_0007.fzn,experiments/20260612-11.47.15.104167-pumpkin-v1/140,UNSATISFIABLE,0,0.64,0.05,1,2,0,0,0,0,1,0,0,0,0,"","","","","","","","","","",satisfy,
pumpkin-v1/random/n50_p010/instance_n50_p0.100_0015.fzn,experiments/20260612-11.47.15.104167-pumpkin-v1/158,OPTIMAL,5,11.84,0.39999999999999997,2023,72158,0.306158805,5305,276,0,2023,7.703905091448344,16.275333662876914,12.86159169550173,3,117,3975,117,3191,22498,98675,7498,246,35466,7498,minimize,1734
pumpkin-v1/random/n50_p010/instance_n50_p0.100_0006.fzn,experiments/20260612-11.47.15.104167-pumpkin-v1/159,OPTIMAL,6,11.14,0.13,241,20697,0.048868851,3427,273,0,241,3.319502074688797,4.966804979253112,4.423236514522822,19,13,463,13,308,10520,7367,1047,343,13848,1047,minimize,1302
pumpkin-v1/random/n50_p010/instance_n50_p0.100_0001.fzn,experiments/20260612-11.47.15.104167-pumpkin-v1/153,UNSATISFIABLE,0,4.23,0.09,1,2,0,0,0,0,1,0,0,0,0,"","","","","","","","","","",satisfy,
pumpkin-v1/random/n50_p010/instance_n50_p0.100_0019.fzn,experiments/20260612-11.47.15.104167-pumpkin-v1/152,OPTIMAL,7,4.26,0.16999999999999998,325,23306,0.06169887,3828,318,0,325,5.769230769230769,7.741538461538462,6.076923076923077,2,34,1511,34,429,12880,11636,1992,384,17701,1992,minimize,1638
pumpkin-v1/random/n50_p010/instance_n50_p0.100_0005.fzn,experiments/20260612-11.47.15.104167-pumpkin-v1/156,OPTIMAL,5,10.87,0.15,228,24396,0.056115629,4074,327,0,228,3.3903508771929824,3.8859649122807016,3.504385964912281,22,12,330,12,211,13950,4379,1193,177,17203,1193,minimize,2186
pumpkin-v1/random/n50_p010/instance_n50_p0.100_0002.fzn,experiments/20260612-11.47.15.104167-pumpkin-v1/144,OPTIMAL,3,0.83,0.13,202,16137,0.043602963,2652,314,0,202,5.53960396039604,7.297029702970297,5.178217821782178,18,16,680,16,86,6619,3704,730,167,8562,730,minimize,1825
pumpkin-v1/random/n50_p010/instance_n50_p0.100_0003.fzn,experiments/20260612-11.47.15.104167-pumpkin-v1/143,UNSATISFIABLE,0,0.77,0.05,1,2,0,0,0,0,1,0,0,0,0,"","","","","","","","","","",satisfy,
pumpkin-v1/random/n50_p010/instance_n50_p0.100_0017.fzn,experiments/20260612-11.47.15.104167-pumpkin-v1/145,UNSATISFIABLE,0,0.63,0.07,1,2,0,0,0,0,1,0,0,0,0,"","","","","",45,1,45,1,1,minimize,
pumpkin-v1/random/n50_p010/instance_n50_p0.100_0000.fzn,experiments/20260612-11.47.15.104167-pumpkin-v1/149,OPTIMAL,6,4.32,0.13,276,17104,0.048699563,2960,269,0,276,6.760869565217392,9.460144927536232,7.228260869565218,9,28,1189,28,349,9170,6743,1246,308,12114,1246,minimize,1277
pumpkin-v1/random/n50_p010/instance_n50_p0.100_0010.fzn,experiments/20260612-11.47.15.104167-pumpkin-v1/155,OPTIMAL,4,11.09,0.16999999999999998,266,18422,0.058385498,2848,262,0,266,5.815789473684211,8.289473684210526,6.845864661654136,10,52,2370,52,136,7990,7584,1004,235,11021,1004,minimize,1560
pumpkin-v1/random/n50_p010/instance_n50_p0.100_0018.fzn,experiments/20260612-11.47.15.104167-pumpkin-v1/148,OPTIMAL,8,4.34,0.15,355,25457,0.06468377,3962,283,0,355,6.732394366197183,10.214084507042253,9.16056338028169,2,54,2236,54,279,15196,19289,2477,366,22002,2477,minimize,1562
pumpkin-v1/random/n50_p010/instance_n50_p0.100_0012.fzn,experiments/20260612-11.47.15.104167-pumpkin-v1/146,OPTIMAL,6,1.05,0.13,241,22101,0.053727942,3667,313,0,241,4.124481327800829,5.9004149377593365,5.676348547717843,6,7,313,7,426,11228,8064,1276,308,14389,1276,minimize,1339
pumpkin-v1/random/n50_p010/instance_n50_p0.100_0008.fzn,experiments/20260612-11.47.15.104167-pumpkin-v1/151,UNSATISFIABLE,0,4.23,0.06,1,2,0,0,0,0,1,0,0,0,0,"","","","","","","","","","",satisfy,
pumpkin-v1/random/n50_p010/instance_n50_p0.100_0007.fzn,experiments/20260612-11.47.15.104167-pumpkin-v1/142,OPTIMAL,12,0.44,0.18,506,40661,0.105283945,6691,312,0,506,6.6936758893280635,10.75296442687747,9.33399209486166,1,95,3879,95,371,34663,35051,4313,482,43996,4313,minimize,1464
pumpkin-v1/random/n50_p010/instance_n50_p0.100_0009.fzn,experiments/20260612-11.47.15.104167-pumpkin-v1/154,UNSATISFIABLE,0,4.27,0.08,1,2,0,0,0,0,1,0,0,0,0,"","","","","",49,1,49,1,1,minimize,
pumpkin-v1/random/n50_p010/instance_n50_p0.100_0004.fzn,experiments/20260612-11.47.15.104167-pumpkin-v1/160,OPTIMAL,1,11.33,0.11000000000000001,97,9549,0.024572653,1367,289,0,97,3.9072164948453607,3.948453608247423,4.123711340206185,0,2,88,2,26,2084,1212,192,92,2656,192,minimize,1367
pumpkin-v1/random/n50_p010/instance_n50_p0.100_0013.fzn,experiments/20260612-11.47.15.104167-pumpkin-v1/157,OPTIMAL,13,11.11,0.19,485,40949,0.108022673,6896,325,0,485,5.94639175257732,9.748453608247422,6.616494845360824,1,68,3009,68,1256,35511,17461,4153,436,46683,4153,minimize,1681
pumpkin-v1/random/n150_p010/instance_n150_p0.100_0005.fzn,experiments/20260612-11.47.15.104167-pumpkin-v1/161,OPTIMAL,85,26.53,15.049999999999999,5429,1536850,14.329484461,272976,2229,0,5429,19.536378706944188,41.468410388653524,32.20058942715049,1,5999,863873,5999,53429,8133822,2865206,268686,12559,9474557,268686,minimize,50357
pumpkin-v1/random/n50_p010/instance_n50_p0.100_0014.fzn,experiments/20260612-11.47.15.104167-pumpkin-v1/141,OPTIMAL,7,0.93,0.13999999999999999,302,28907,0.067094104,4789,334,0,302,6.281456953642384,7.841059602649007,5.824503311258278,1,48,2110,48,648,20366,9975,2005,363,26705,2005,minimize,2290
pumpkin-v1/random/n50_p010/instance_n50_p0.100_0016.fzn,experiments/20260612-11.47.15.104167-pumpkin-v1/150,OPTIMAL,15,4.1,0.19,524,43858,0.106178228,6553,312,0,524,5.961832061068702,11.17175572519084,7.091603053435114,1,180,7319,180,1443,37579,28894,5144,763,50563,5144,minimize,1748
pumpkin-v1/random/n150_p010/instance_n150_p0.100_0014.fzn,experiments/20260612-11.47.15.104167-pumpkin-v1/162,OPTIMAL,83,61.56,50.05,39579,5294936,49.518104933000004,330325,2375,2,39579,42.41393163041007,94.19035347027464,29.638975214128706,1,40168,5744774,40168,137733,9591420,2921918,329222,11704,11097030,329222,minimize,56949
pumpkin-v1/random/n150_p010/instance_n150_p0.100_0011.fzn,experiments/20260612-11.47.15.104167-pumpkin-v1/163,OPTIMAL,93,27.54,25.939999999999998,12788,2621369,24.921581322,281818,2245,0,12788,34.174225836721924,86.46527994995309,38.026978417266186,1,13853,1951550,13853,110297,9080689,4544245,368586,14100,10959013,368586,minimize,50695
pumpkin-v1/random/n150_p010/instance_n150_p0.100_0003.fzn,experiments/20260612-11.47.15.104167-pumpkin-v1/164,OPTIMAL,82,15.97,14.49,7812,1744745,13.884089424,260887,2274,0,7812,24.092037890424987,48.81886840757809,33.25985663082437,1,9882,1402836,9882,60086,7711633,4063359,368426,11786,9057399,368426,minimize,52914
pumpkin-v1/random/n150_p010/instance_n150_p0.100_0013.fzn,experiments/20260612-11.47.15.104167-pumpkin-v1/168,OPTIMAL,98,16.51,14.76,5820,1784022,14.307549846,271137,2284,0,5820,19.575945017182132,48.34948453608247,29.92147766323024,1,7358,1051784,7358,78767,8854573,2303431,291720,11135,10487254,291720,minimize,49987
pumpkin-v1/random/n150_p010/instance_n150_p0.100_0016.fzn,experiments/20260612-11.47.15.104167-pumpkin-v1/169,SATISFIABLE,106,300.27,297.44,151675,10558072,297.719022688,463785,2288,0,151675,48.833776166144716,242.91891214768418,213.45482775671667,0,14798,2083237,14798,157363,12263768,17749802,699239,15194,14732817,699239,minimize,51212
pumpkin-v1/random/n150_p010/instance_n150_p0.100_0009.fzn,experiments/20260612-11.47.15.104167-pumpkin-v1/166,OPTIMAL,76,13.3,11.98,4390,1433930,11.546077367,255672,2324,0,4390,17.380637813211845,34.45785876993166,26.773348519362187,1,5268,761185,5268,58473,7554476,1631616,211717,11242,8682994,211717,minimize,54772
pumpkin-v1/random/n150_p010/instance_n150_p0.100_0012.fzn,experiments/20260612-11.47.15.104167-pumpkin-v1/165,OPTIMAL,83,17.32,15.77,4554,1588917,15.0960427,289358,2423,0,4554,15.296003513394817,30.48792270531401,23.61967501097936,1,3572,517302,3572,64297,8802745,1764824,247768,12432,10185103,247768,minimize,56054
pumpkin-v1/random/n150_p010/instance_n150_p0.100_0007.fzn,experiments/20260612-11.47.15.104167-pumpkin-v1/167,SATISFIABLE,67,300.46,297.8,297957,25338020,298.430502143,652719,2271,0,297957,45.769164678124696,120.9412734052229,73.40635729316647,0,5995,847376,5995,80884,5535944,7205685,366596,7448,6651718,366596,minimize,47895
pumpkin-v1/random/n150_p010/instance_n150_p0.100_0018.fzn,experiments/20260612-11.47.15.104167-pumpkin-v1/173,OPTIMAL,83,19.8,15.56,5985,1672274,14.890238375,274028,2382,0,5985,22.28253968253968,41.51746031746032,27.899749373433583,1,10579,1536859,10579,77372,8152940,2936306,285220,12516,9512617,285220,minimize,55471
pumpkin-v1/random/n150_p010/instance_n150_p0.100_0006.fzn,experiments/20260612-11.47.15.104167-pumpkin-v1/171,OPTIMAL,113,21.67,17.0,7581,2062704,16.175699468,308430,2336,0,7581,23.94736842105263,65.63302994327925,52.690146418678275,1,11475,1657046,11475,98855,11915574,4831721,431017,16758,14261394,431017,minimize,53088
pumpkin-v1/random/n150_p010/instance_n150_p0.100_0017.fzn,experiments/20260612-11.47.15.104167-pumpkin-v1/172,SATISFIABLE,110,300.94,295.16,224770,37872187,295.560546211,541904,2270,5,224770,46.29035458468657,155.93408817902744,48.767077456956,0,174332,25259478,174332,492027,14084318,12663874,850478,16428,17236920,850478,minimize,51628
pumpkin-v1/random/n150_p010/instance_n150_p0.100_0015.fzn,experiments/20260612-11.47.15.104167-pumpkin-v1/170,OPTIMAL,127,18.91,17.22,7537,2296103,16.308065264,350765,2429,0,7537,24.562823404537614,61.508823139180045,40.2458537879793,1,21072,3026018,21072,158830,13952108,4592690,486572,16174,16508486,486572,minimize,53622
pumpkin-v1/random/n150_p010/instance_n150_p0.100_0004.fzn,experiments/20260612-11.47.15.104167-pumpkin-v1/174,OPTIMAL,122,24.59,19.46,7390,2261498,18.860653359,333920,2402,0,7390,23.73572395128552,58.14424898511502,41.42679296346414,1,16861,2410025,16861,150683,13542583,5841496,501749,18204,15932053,501749,minimize,53573
pumpkin-v1/random/n150_p010/instance_n150_p0.100_0010.fzn,experiments/20260612-11.47.15.104167-pumpkin-v1/175,OPTIMAL,105,27.62,22.939999999999998,12268,2539544,22.065471342,309959,2304,4,12268,33.37186175415716,71.5247799152266,35.310238017606785,1,66589,9747800,66589,178893,12015644,5484841,556758,15900,14393900,556758,minimize,49523
pumpkin-v1/random/n150_p010/instance_n150_p0.100_0008.fzn,experiments/20260612-11.47.15.104167-pumpkin-v1/176,OPTIMAL,78,19.1,14.6,5715,1604682,13.944517786,256729,2296,0,5715,24.25161854768154,48.01259842519685,31.88941382327209,1,6261,888742,6261,66970,7102481,2561208,231516,11382,8356256,231516,minimize,53219
pumpkin-v1/random/n150_p010/instance_n150_p0.100_0000.fzn,experiments/20260612-11.47.15.104167-pumpkin-v1/180,OPTIMAL,93,16.01,13.620000000000001,4367,1604845,13.140868544,267792,2303,0,4367,14.421799862605909,29.13258529883215,19.735058392489123,1,7495,1091683,7495,81419,8810207,1282731,254765,8172,10151461,254765,minimize,50078
pumpkin-v1/random/n150_p010/instance_n150_p0.100_0019.fzn,experiments/20260612-11.47.15.104167-pumpkin-v1/179,SATISFIABLE,77,300.0,300.0,10417,1781001,17.05442662,266463,2343,1,10417,29.394739368340215,59.665354708649325,44.57233368532207,0,11197,1618290,11197,109947,7949346,6261576,375675,11088,9187091,375675,minimize,52722
pumpkin-v1/random/n150_p010/instance_n150_p0.100_0002.fzn,experiments/20260612-11.47.15.104167-pumpkin-v1/178,OPTIMAL,59,12.15,10.69,3375,1101709,10.353170112,209571,2267,0,3375,15.628444444444444,36.02251851851852,32.1517037037037,1,674,98246,674,32344,4771316,1320910,125232,8400,5537813,125232,minimize,52040
pumpkin-v1/random/n150_p010/instance_n150_p0.100_0001.fzn,experiments/20260612-11.47.15.104167-pumpkin-v1/177,SATISFIABLE,84,300.0,300.0,8716,1559571,14.837386702,273540,2339,0,8716,35.625057365764114,75.8343276732446,64.36358421294172,0,4575,652777,4575,49497,8022387,10249857,452061,12012,9760520,452061,minimize,51144
pumpkin-v1/random/n20_p015/instance_n20_p0.150_0010.fzn,experiments/20260612-11.47.15.104167-pumpkin-v1/187,UNSATISFIABLE,0,0.34,0.07,1,2,0,0,0,0,1,0,0,0,0,"","","","","","","","","","",satisfy,
pumpkin-v1/random/n20_p015/instance_n20_p0.150_0009.fzn,experiments/20260612-11.47.15.104167-pumpkin-v1/184,OPTIMAL,1,0.39,0.07,44,1891,0.002648579,229,80,0,44,2.022727272727273,2.0454545454545454,2.4318181818181817,10,2,36,2,61,352,299,85,36,564,85,minimize,229
pumpkin-v1/random/n20_p015/instance_n20_p0.150_0001.fzn,experiments/20260612-11.47.15.104167-pumpkin-v1/200,OPTIMAL,1,2.11,0.08,41,1417,0.00178745,200,76,0,41,2.268292682926829,2.4634146341463414,2.317073170731707,17,2,32,2,26,252,366,79,36,427,79,minimize,200
pumpkin-v1/random/n20_p015/instance_n20_p0.150_0012.fzn,experiments/20260612-11.47.15.104167-pumpkin-v1/197,UNSATISFIABLE,0,2.1,0.06,1,2,0,0,0,0,1,0,0,0,0,"","","","","",18,1,18,1,1,minimize,
pumpkin-v1/random/n20_p015/instance_n20_p0.150_0018.fzn,experiments/20260612-11.47.15.104167-pumpkin-v1/196,UNSATISFIABLE,0,5.66,0.08,1,2,0,0,0,0,1,0,0,0,0,"","","","","","","","","","",satisfy,
pumpkin-v1/random/n20_p015/instance_n20_p0.150_0006.fzn,experiments/20260612-11.47.15.104167-pumpkin-v1/190,UNSATISFIABLE,0,5.72,0.06,1,2,0,0,0,0,1,0,0,0,0,"","","","","","","","","","",satisfy,
pumpkin-v1/random/n20_p015/instance_n20_p0.150_0016.fzn,experiments/20260612-11.47.15.104167-pumpkin-v1/185,UNSATISFIABLE,0,0.33,0.06,13,300,0.000376209,22,6,0,13,1.5,1.5,1.5833333333333333,8,0,0,0,1,18,76,13,14,38,13,minimize,
pumpkin-v1/random/n20_p015/instance_n20_p0.150_0002.fzn,experiments/20260612-11.47.15.104167-pumpkin-v1/192,UNSATISFIABLE,0,5.67,0.08,1,2,0,0,0,0,1,0,0,0,0,"","","","","","","","","","",satisfy,
pumpkin-v1/random/n20_p015/instance_n20_p0.150_0014.fzn,experiments/20260612-11.47.15.104167-pumpkin-v1/189,UNSATISFIABLE,0,5.72,0.07,1,2,0,0,0,0,1,0,0,0,0,"","","","","","","","","","",satisfy,
pumpkin-v1/random/n20_p015/instance_n20_p0.150_0017.fzn,experiments/20260612-11.47.15.104167-pumpkin-v1/195,OPTIMAL,2,5.66,0.11,220,6962,0.009806695,529,77,0,220,2.8,3.290909090909091,3.6045454545454545,6,90,1455,90,222,1353,1615,481,29,2193,481,minimize,405
pumpkin-v1/random/n20_p015/instance_n20_p0.150_0013.fzn,experiments/20260612-11.47.15.104167-pumpkin-v1/194,UNSATISFIABLE,0,5.6,0.08,1,2,0,0,0,0,1,0,0,0,0,"","","","","","","","","","",satisfy,
pumpkin-v1/random/n20_p015/instance_n20_p0.150_0008.fzn,experiments/20260612-11.47.15.104167-pumpkin-v1/193,UNSATISFIABLE,0,5.72,0.09,1,2,0,0,0,0,1,0,0,0,0,"","","","","","","","","","",satisfy,
pumpkin-v1/random/n20_p015/instance_n20_p0.150_0015.fzn,experiments/20260612-11.47.15.104167-pumpkin-v1/181,UNSATISFIABLE,0,1.59,0.07,1,2,0,0,0,0,1,0,0,0,0,"","","","","",14,1,14,1,1,minimize,
pumpkin-v1/random/n20_p015/instance_n20_p0.150_0004.fzn,experiments/20260612-11.47.15.104167-pumpkin-v1/183,UNSATISFIABLE,0,1.78,0.06,1,2,0,0,0,0,1,0,0,0,0,"","","","","","","","","","",satisfy,
pumpkin-v1/random/n20_p015/instance_n20_p0.150_0019.fzn,experiments/20260612-11.47.15.104167-pumpkin-v1/191,UNSATISFIABLE,0,5.61,0.07,1,2,0,0,0,0,1,0,0,0,0,"","","","","","","","","","",satisfy,
pumpkin-v1/random/n20_p015/instance_n20_p0.150_0000.fzn,experiments/20260612-11.47.15.104167-pumpkin-v1/188,UNSATISFIABLE,0,0.66,0.06,1,2,0,0,0,0,1,0,0,0,0,"","","","","",13,1,13,1,1,minimize,
pumpkin-v1/random/n20_p015/instance_n20_p0.150_0005.fzn,experiments/20260612-11.47.15.104167-pumpkin-v1/186,UNSATISFIABLE,0,0.28,0.08,1,2,0,0,0,0,1,0,0,0,0,"","","","","",13,1,13,1,1,minimize,
pumpkin-v1/random/n20_p015/instance_n20_p0.150_0011.fzn,experiments/20260612-11.47.15.104167-pumpkin-v1/198,UNSATISFIABLE,0,2.11,0.05,1,2,0,0,0,0,1,0,0,0,0,"","","","","","","","","","",satisfy,
pumpkin-v1/random/n20_p010/instance_n20_p0.100_0014.fzn,experiments/20260612-11.47.15.104167-pumpkin-v1/206,UNSATISFIABLE,0,10.29,0.07,1,2,0,0,0,0,1,0,0,0,0,"","","","","","","","","","",satisfy,
pumpkin-v1/random/n20_p015/instance_n20_p0.150_0007.fzn,experiments/20260612-11.47.15.104167-pumpkin-v1/182,UNSATISFIABLE,0,1.37,0.06,1,2,0,0,0,0,1,0,0,0,0,"","","","","","","","","","",satisfy,
pumpkin-v1/random/n20_p015/instance_n20_p0.150_0003.fzn,experiments/20260612-11.47.15.104167-pumpkin-v1/199,UNSATISFIABLE,0,1.87,0.05,1,2,0,0,0,0,1,0,0,0,0,"","","","","","","","","","",satisfy,
pumpkin-v1/random/n20_p010/instance_n20_p0.100_0015.fzn,experiments/20260612-11.47.15.104167-pumpkin-v1/220,UNSATISFIABLE,0,5.54,0.08,1,2,0,0,0,0,1,0,0,0,0,"","","","","","","","","","",satisfy,
pumpkin-v1/random/n20_p010/instance_n20_p0.100_0003.fzn,experiments/20260612-11.47.15.104167-pumpkin-v1/205,UNSATISFIABLE,0,10.28,0.07,1,2,0,0,0,0,1,0,0,0,0,"","","","","","","","","","",satisfy,
pumpkin-v1/random/n20_p010/instance_n20_p0.100_0002.fzn,experiments/20260612-11.47.15.104167-pumpkin-v1/215,UNSATISFIABLE,0,6.06,0.08,1,2,0,0,0,0,1,0,0,0,0,"","","","","","","","","","",satisfy,
pumpkin-v1/random/n20_p010/instance_n20_p0.100_0001.fzn,experiments/20260612-11.47.15.104167-pumpkin-v1/214,UNSATISFIABLE,0,5.57,0.07,1,2,0,0,0,0,1,0,0,0,0,"","","","","","","","","","",satisfy,
pumpkin-v1/random/n20_p010/instance_n20_p0.100_0010.fzn,experiments/20260612-11.47.15.104167-pumpkin-v1/216,UNSATISFIABLE,0,6.0,0.09,1,2,0,0,0,0,1,0,0,0,0,"","","","","","","","","","",satisfy,
pumpkin-v1/random/n20_p010/instance_n20_p0.100_0011.fzn,experiments/20260612-11.47.15.104167-pumpkin-v1/207,UNSATISFIABLE,0,10.28,0.06,1,2,0,0,0,0,1,0,0,0,0,"","","","","",7,1,7,1,1,minimize,
pumpkin-v1/random/n20_p010/instance_n20_p0.100_0000.fzn,experiments/20260612-11.47.15.104167-pumpkin-v1/203,UNSATISFIABLE,0,1.73,0.08,1,2,0,0,0,0,1,0,0,0,0,"","","","","","","","","","",satisfy,
pumpkin-v1/random/n20_p010/instance_n20_p0.100_0008.fzn,experiments/20260612-11.47.15.104167-pumpkin-v1/218,UNSATISFIABLE,0,6.0,0.08,1,2,0,0,0,0,1,0,0,0,0,"","","","","","","","","","",satisfy,
pumpkin-v1/random/n20_p010/instance_n20_p0.100_0005.fzn,experiments/20260612-11.47.15.104167-pumpkin-v1/219,UNSATISFIABLE,0,6.05,0.08,1,2,0,0,0,0,1,0,0,0,0,"","","","","","","","","","",satisfy,
pumpkin-v1/random/n20_p010/instance_n20_p0.100_0016.fzn,experiments/20260612-11.47.15.104167-pumpkin-v1/217,UNSATISFIABLE,0,5.97,0.1,1,2,0,0,0,0,1,0,0,0,0,"","","","","","","","","","",satisfy,
pumpkin-v1/random/n20_p010/instance_n20_p0.100_0007.fzn,experiments/20260612-11.47.15.104167-pumpkin-v1/211,UNSATISFIABLE,0,10.27,0.08,1,2,0,0,0,0,1,0,0,0,0,"","","","","","","","","","",satisfy,
pumpkin-v1/random/n20_p010/instance_n20_p0.100_0013.fzn,experiments/20260612-11.47.15.104167-pumpkin-v1/208,UNSATISFIABLE,0,10.24,0.09,1,2,0,0,0,0,1,0,0,0,0,"","","","","","","","","","",satisfy,
pumpkin-v1/random/n20_p010/instance_n20_p0.100_0004.fzn,experiments/20260612-11.47.15.104167-pumpkin-v1/210,UNSATISFIABLE,0,9.66,0.1,1,2,0,0,0,0,1,0,0,0,0,"","","","","","","","","","",satisfy,
pumpkin-v1/random/n20_p010/instance_n20_p0.100_0012.fzn,experiments/20260612-11.47.15.104167-pumpkin-v1/213,UNSATISFIABLE,0,5.93,0.07,1,2,0,0,0,0,1,0,0,0,0,"","","","","","","","","","",satisfy,
pumpkin-v1/random/n20_p010/instance_n20_p0.100_0019.fzn,experiments/20260612-11.47.15.104167-pumpkin-v1/209,UNSATISFIABLE,0,10.25,0.09,1,2,0,0,0,0,1,0,0,0,0,"","","","","","","","","","",satisfy,
pumpkin-v1/random/n20_p010/instance_n20_p0.100_0006.fzn,experiments/20260612-11.47.15.104167-pumpkin-v1/204,UNSATISFIABLE,0,1.79,0.07,1,2,0,0,0,0,1,0,0,0,0,"","","","","","","","","","",satisfy,
pumpkin-v1/random/n20_p010/instance_n20_p0.100_0018.fzn,experiments/20260612-11.47.15.104167-pumpkin-v1/212,UNSATISFIABLE,0,9.68,0.11000000000000001,1,2,0,0,0,0,1,0,0,0,0,"","","","","","","","","","",satisfy,
pumpkin-v1/random/n20_p010/instance_n20_p0.100_0009.fzn,experiments/20260612-11.47.15.104167-pumpkin-v1/201,UNSATISFIABLE,0,1.89,0.08,1,2,0,0,0,0,1,0,0,0,0,"","","","","","","","","","",satisfy,
pumpkin-v1/random/n100_p010/instance_n100_p0.100_0006.fzn,experiments/20260612-11.47.15.104167-pumpkin-v1/238,OPTIMAL,21,5.24,1.11,1259,211776,0.978819324,38736,1119,0,1259,11.69976171564734,17.82128673550437,13.046862589356632,1,445,41167,445,1905,355678,130303,18071,2002,438935,18071,minimize,13497
pumpkin-v1/random/n20_p010/instance_n20_p0.100_0017.fzn,experiments/20260612-11.47.15.104167-pumpkin-v1/202,UNSATISFIABLE,0,1.78,0.07,1,2,0,0,0,0,1,0,0,0,0,"","","","","","","","","","",satisfy,
pumpkin-v1/random/n100_p010/instance_n100_p0.100_0007.fzn,experiments/20260612-11.47.15.104167-pumpkin-v1/239,OPTIMAL,45,5.95,1.6800000000000002,2049,365242,1.499042388,65424,1120,0,2049,14.217667154709615,24.888726207906295,19.716935090287944,1,1541,142327,1541,28899,1026865,629484,62613,4600,1206838,62613,minimize,13791
pumpkin-v1/random/n100_p010/instance_n100_p0.100_0002.fzn,experiments/20260612-11.47.15.104167-pumpkin-v1/235,SATISFIABLE,17,300.46,298.84000000000003,459607,15614245,299.675414148,500366,1135,0,459607,35.617566747242755,71.7709499637734,54.590780819265156,0,7225,624029,7225,89768,732980,9398741,396846,1728,1431311,396846,minimize,14420
pumpkin-v1/random/n100_p010/instance_n100_p0.100_0000.fzn,experiments/20260612-11.47.15.104167-pumpkin-v1/234,OPTIMAL,63,2.95,2.73,2529,514397,2.431082117,84332,1134,0,2529,13.830367734282325,27.190589165678134,16.97153024911032,1,3145,292122,3145,24199,1668378,612518,92610,5184,1993231,92610,minimize,14480
pumpkin-v1/random/n100_p010/instance_n100_p0.100_0001.fzn,experiments/20260612-11.47.15.104167-pumpkin-v1/240,OPTIMAL,50,9.78,5.77,11601,1207462,5.608318075,88282,1172,0,11601,24.019394879751747,78.18420825790881,39.488406171881735,1,3963,350847,3963,20936,1308511,1003894,93491,4898,1652531,93491,minimize,16144
pumpkin-v1/random/n100_p010/instance_n100_p0.100_0011.fzn,experiments/20260612-11.47.15.104167-pumpkin-v1/228,OPTIMAL,56,3.51,3.13,3677,491780,2.891915007,78055,1111,0,3677,19.1933641555616,47.935273320641826,35.04949687245037,1,1961,180830,1961,38381,1367807,1249696,93326,5463,1742795,93326,minimize,12556
pumpkin-v1/random/n100_p010/instance_n100_p0.100_0015.fzn,experiments/20260612-11.47.15.104167-pumpkin-v1/221,OPTIMAL,80,3.98,3.73,4812,774541,3.447257864,100208,1126,0,4812,19.122402327514546,54.350789692435576,29.146300914380713,1,4217,394137,4217,48337,2598644,1231925,167359,7372,3149126,167359,minimize,15116
pumpkin-v1/random/n100_p010/instance_n100_p0.100_0017.fzn,experiments/20260612-11.47.15.104167-pumpkin-v1/226,OPTIMAL,46,12.65,12.44,19127,1295502,12.228942151,90773,1162,0,19127,23.630574580436033,74.0268207246301,44.628169603178755,1,4165,359556,4165,17650,1221044,2375006,161705,4653,1582340,161705,minimize,14315
pumpkin-v1/random/n100_p010/instance_n100_p0.100_0012.fzn,experiments/20260612-11.47.15.104167-pumpkin-v1/231,OPTIMAL,9,1.11,0.99,792,137867,0.869929948,25344,1065,0,792,7.828282828282828,10.780303030303031,9.703282828282829,1,85,8110,85,1275,139767,41155,6196,930,163587,6196,minimize,12621
pumpkin-v1/random/n100_p010/instance_n100_p0.100_0014.fzn,experiments/20260612-11.47.15.104167-pumpkin-v1/227,OPTIMAL,22,2.58,2.3499999999999996,2935,309665,2.186601846,43017,1125,0,2935,28.003066439523,42.431005110732535,24.16320272572402,1,5189,498775,5189,13233,481017,527260,39887,2256,588193,39887,minimize,14319
pumpkin-v1/random/n100_p010/instance_n100_p0.100_0009.fzn,experiments/20260612-11.47.15.104167-pumpkin-v1/223,OPTIMAL,55,2.56,2.39,2058,407322,2.108979929,72683,1148,0,2058,15.566569484936831,30.948979591836736,26.037900874635568,1,1696,160233,1696,31152,1254252,1084365,77067,5432,1526441,77067,minimize,13986
pumpkin-v1/random/n100_p010/instance_n100_p0.100_0003.fzn,experiments/20260612-11.47.15.104167-pumpkin-v1/229,OPTIMAL,56,2.49,2.3299999999999996,2493,434527,2.085106679,71672,1097,0,2493,15.456879261933414,34.4191736863217,25.06778981147212,1,3622,341134,3622,38463,1379412,1010998,88679,5078,1665936,88679,minimize,13118
pumpkin-v1/random/n100_p010/instance_n100_p0.100_0013.fzn,experiments/20260612-11.47.15.104167-pumpkin-v1/222,OPTIMAL,47,2.48,2.19,2149,391415,1.988755378,67198,1111,0,2149,14.473243369008841,28.630525825965567,21.830618892508145,1,1551,143276,1551,19168,1102026,699129,62369,4784,1338148,62369,minimize,13410
pumpkin-v1/random/n100_p010/instance_n100_p0.100_0010.fzn,experiments/20260612-11.47.15.104167-pumpkin-v1/230,SATISFIABLE,65,300.3,298.52,351725,31457329,299.581473773,578422,1136,0,351725,22.750927571255954,102.0764773615751,41.24654772904968,0,19561,1750485,19561,98915,2509930,3212592,251975,6402,3258475,251975,minimize,14660
pumpkin-v1/random/n100_p010/instance_n100_p0.100_0019.fzn,experiments/20260612-11.47.15.104167-pumpkin-v1/224,OPTIMAL,51,2.74,2.41,2352,412512,2.224772123,70277,1161,0,2352,15.053996598639456,30.04719387755102,22.437074829931973,1,4805,456364,4805,29042,1157480,702578,70874,4992,1415967,70874,minimize,13860
pumpkin-v1/random/n100_p010/instance_n100_p0.100_0018.fzn,experiments/20260612-11.47.15.104167-pumpkin-v1/237,OPTIMAL,31,5.34,1.24,1152,272885,1.083276503,49805,1083,0,1152,7.341145833333333,11.649305555555555,8.6640625,1,280,25709,280,6046,643951,113354,25332,3104,787119,25332,minimize,14844
pumpkin-v1/random/n100_p010/instance_n100_p0.100_0008.fzn,experiments/20260612-11.47.15.104167-pumpkin-v1/236,OPTIMAL,51,2.96,2.83,3424,498666,2.5827455070000003,72740,1110,0,3424,18.718457943925234,40.00730140186916,23.478679906542055,1,2672,243060,2672,22501,1293752,1040667,95030,5200,1678003,95030,minimize,13035
pumpkin-v1/random/n100_p010/instance_n100_p0.100_0005.fzn,experiments/20260612-11.47.15.104167-pumpkin-v1/233,OPTIMAL,54,3.13,2.94,2637,476103,2.668604614,82182,1170,0,2637,16.9419795221843,36.184300341296925,25.869548729616987,1,2181,203965,2181,21195,1485594,780130,75034,5419,1767932,75034,minimize,14558
pumpkin-v1/random/n100_p010/instance_n100_p0.100_0004.fzn,experiments/20260612-11.47.15.104167-pumpkin-v1/232,OPTIMAL,50,2.23,2.03,1713,378515,1.811799953,67241,1115,0,1713,10.224751897256276,19.9871570344425,12.433158201984822,1,1226,112902,1226,11806,1012014,266560,51187,3323,1193411,51187,minimize,13958
pumpkin-v1/random/n100_p010/instance_n100_p0.100_0016.fzn,experiments/20260612-11.47.15.104167-pumpkin-v1/225,OPTIMAL,42,2.37,2.17,1629,345572,1.9088754570000002,66196,1133,0,1629,11.734192756292204,19.399017802332718,14.316144874155924,1,1248,119109,1248,20730,975321,273350,44306,4214,1186567,44306,minimize,13628
